Core,Coring device,Latitude,Longitude,Water depth (m),Ocean,Sample depth - lower (m),calendar age estimate (cal ky BP),Chronostratigraphic quality (chronozone level),Publication,added by (name),date of addition,Orbulina universa,Globigerinoides conglobatus,Globigerinoides ruber,Globoturborotalita tenella,Globigerinoides sacc,Sphaeroidinella dehiscens,Globigerinella adamsi,Globigerinella siphonifera,Globigerinella calida,Globigerina bulloides,Globigerina falconensis,Beela digitata,Globoturborotalita rubescens,Turborotalita quinqueloba,Neogloboquadrina pachyderma L,Neogloboquadrina pachyderma R,Neogloboquadrina dutertrei,Globoquadrina conglomerata,Globorotaloides hexagonus,Pulleniatina obliquiloculata,Globorotalia inflata,Globorotalia truncatulinoides,Globorotalia crassaformis,Globorotalia crassula,Globorotalia hirsuta,Globorotalia scitula,Dentagloborotalia anfracta,Globorotalia menardii flexuosa,Globorotalia menardii & Globorotalia tumida,Candeina nitida ,Globigerinita glutinata,Globorotalia theyeri,Tenuitella iota,Turborotalita humilis & Berggrenia pumilio,Globigerinita uvula,Other ID,Other UnID
BC15,Piston,41.95,5.93,2500,Mediterranean ,0.7725,18.890941,2,"Rohling et al., 1998",AH,37643,0,0,0,0,0,0,0,0,0,96,0,0,0,50,0,9,0,0,0,0,0,0,0,0,0,19,0,0,0,0,32,0,0,0,0,0,3
BC15,Piston,41.95,5.93,2500,Mediterranean ,0.9475,21.174271,2,"Rohling et al., 1998",AH,37643,0,0,2,0,0,0,0,0,0,78,0,0,0,52,0,18,0,0,0,0,0,0,0,0,0,15,0,0,0,0,10,0,0,0,0,0,0
BC15,Piston,41.95,5.93,2500,Mediterranean ,1.0925,23.066173,2,"Rohling et al., 1998",AH,37643,0,0,2,0,0,0,0,0,0,101,0,0,0,84,0,16,0,0,0,0,2,1,0,0,0,24,0,0,0,0,30,0,0,0,0,0,1
KS310,Piston,35.55,-1.57,1900,Mediterranean ,2.11,19.5355521,2,"Rohling et al., 1995",AH,37643,0.4,0,2.1,0,0,0,0,0,0,7.4,0,0,0,9.9,0,74.1,0,0,0,0,0,0,0,0,0,1.2,0,0,0,0,3.7,0,0,0,0,0,1.2
KS310,Piston,35.55,-1.57,1900,Mediterranean ,2.19,19.9344409,2,"Rohling et al., 1995",AH,37643,0,0,0.8,0,0,0,0,0,0,9.6,0,0,0,7.3,0,78.1,0,0,0,0,1.2,0,0,0,0,1.2,0,0,0,0,1.9,0,0,0,0,0,0
KS310,Piston,35.55,-1.57,1900,Mediterranean ,2.35,20.7322185,2,"Rohling et al., 1995",AH,37643,0.5,0,0.5,0,0,0,0,0,0,18,0,0,0,9.3,0,65.6,0,0,0,0,0.5,0,0,0,0,0.5,0,0,0,0,4.9,0,0,0,0,0,0
KS310,Piston,35.55,-1.57,1900,Mediterranean ,2.43,21.1311073,2,"Rohling et al., 1995",AH,37643,0.4,0,1.2,0,0,0,0,0,0,14.4,0,0,0,7.8,0,68.7,0,0,0,0,2.1,0,0,0,0,0.8,0,0,0,0,4.5,0,0,0,0,0,0
KS310,Piston,35.55,-1.57,1900,Mediterranean ,2.59,21.9288849,2,"Rohling et al., 1995",AH,37643,1.1,0,2.2,0,0,0,0,0,0,13.6,0,0,0,10.7,0,68.4,0,0,0,0,0.7,0,0,0,0,1.5,0,0,0,0,1.8,0,0,0,0,0,0
KS310,Piston,35.55,-1.57,1900,Mediterranean ,2.71,22.5272181,2,"Rohling et al., 1995",AH,37643,0.4,0,1.4,0,0,0,0,0,0,16.6,0,0,0,4,0,69,0,0,0,0,0.4,0,0,0,0,1.8,0,0,0,0,6.1,0,0,0,0,0,0.4
KS310,Piston,35.55,-1.57,1900,Mediterranean ,2.79,22.9261069,2,"Rohling et al., 1995",AH,37643,0.3,0,0,0,0,0,0,0.6,0,24,0,0,0.3,6.3,0,56.5,0,0,0,0,4.8,0,0,0,0,1.5,0,0,0,0,5.1,0,0,0,0,0,0.6
T87/2/20G,Piston,34.97,23.75,707,Mediterranean,0.405,19.249259,2,"Rohling and Gieskes, 1989",AH,37643,0,0,53,0,0,0,0,0,0,26,0,0,1,7,0,59,0,0,0,0,0,0,0,0,0,20,0,0,0,0,19,0,0,0,0,0,14
T87/2/20G,Piston,34.97,23.75,707,Mediterranean,0.455,20.831349,2,"Rohling and Gieskes, 1989",AH,37643,0,0,71,0,0,0,0,0,0,33,0,0,0,6,0,57,0,0,0,0,1,0,0,0,0,22,0,0,0,0,33,0,0,0,0,0,7
T87/2/20G,Piston,34.97,23.75,707,Mediterranean,0.505,22.413439,2,"Rohling and Gieskes, 1989",AH,37643,0,0,73,0,0,0,0,2,0,19,0,0,0,8,0,71,0,0,0,0,0,0,0,0,0,16,0,0,0,0,21,0,0,0,0,0,6
MD 95-2043,Piston,36.143,-2.621,1841,Mediterranean,8.3,19.494,2,"Cacho et al., 1999",AH,37649,2,0,5,0,0,0,0,0,0,41,0,0,0,11,7,244,0,0,0,0,0,0,0,0,0,5,0,0,0,0,14,0,0,0,0,0,0
MD 95-2043,Piston,36.143,-2.621,1841,Mediterranean,8.4,20.073,2,"Cacho et al., 1999",AH,37649,0,0,11,0,0,0,0,0,0,45,0,0,0,16,3,292,0,0,0,0,2,0,0,0,0,3,0,0,0,0,17,0,0,0,0,0,0
MD 95-2043,Piston,36.143,-2.621,1841,Mediterranean,8.5,20.652,2,"Cacho et al., 1999",AH,37649,1,0,0,0,0,0,0,0,1,35,0,0,0,19,7,316,0,0,0,0,3,0,0,0,0,7,0,0,0,0,19,0,0,0,0,0,0
MD 95-2043,Piston,36.143,-2.621,1841,Mediterranean,8.6,21.213,2,"Cacho et al., 1999",AH,37649,0,0,13,0,0,0,0,0,0,73,0,0,0,24,3,275,0,0,0,0,2,0,0,0,0,6,0,0,0,0,9,0,0,0,0,0,0
MD 95-2043,Piston,36.143,-2.621,1841,Mediterranean,8.7,21.7,2,"Cacho et al., 1999",AH,37649,1,0,3,0,0,0,0,0,1,70,0,0,0,24,2,180,0,0,0,0,3,0,0,0,0,3,0,0,0,0,15,0,0,0,0,0,0
MD 95-2043,Piston,36.143,-2.621,1841,Mediterranean,8.8,22.186,2,"Cacho et al., 1999",AH,37649,1,0,5,0,0,0,0,0,0,120,1,0,0,24,6,426,0,0,0,0,8,0,0,0,0,11,0,0,0,0,31,0,0,0,0,0,0
MD 95-2043,Piston,36.143,-2.621,1841,Mediterranean,8.9,22.673,2,"Cacho et al., 1999",AH,37649,0,0,7,0,0,0,0,0,0,92,0,0,0,7,6,287,0,0,0,0,5,0,0,0,0,4,0,0,0,0,16,0,0,0,0,0,0
DED8707,Piston,39.41,13.34,2970,Mediterranean,1.095,21.392,3,kallel (pers comms),AH,37649,0,0,24,0,0,0,0,0,0,69,0,0,0,9,2,37,2,0,0,0,1,0,0,0,0,12,0,0,0,0,31,0,0,0,0,0,0
DED8707,Piston,39.41,13.34,2970,Mediterranean,1.215,22.543,3,kallel (pers comms),AH,37649,0,0,28,0,0,0,0,0,0,132,0,0,0,6,3,86,2,0,0,0,1,0,0,0,0,7,0,0,0,0,44,0,0,0,0,0,0
KET8003,Piston,38.49,14.3,1900,Mediterranean,1.91,19.171,2,"Paterne et al., 1996",AH,37649,0,1,74,1,0,0,0,0,1,110,0,0,1,29,5,156,4,0,0,0,0,0,0,0,0,57,0,0,0,0,57,0,0,0,0,0,0
KET8003,Piston,38.49,14.3,1900,Mediterranean,1.95,19.574,2,"Paterne et al., 1996",AH,37649,0,2,72,0,0,0,0,0,0,133,0,0,2,21,3,133,0,0,0,0,2,0,0,0,0,23,0,0,0,0,48,0,0,0,0,0,0
KET8003,Piston,38.49,14.3,1900,Mediterranean,2.01,20.196,2,"Paterne et al., 1996",AH,37649,0,7,101,0,0,0,0,0,0,189,0,0,0,56,7,170,3,0,0,0,0,0,0,0,0,61,0,0,0,0,143,0,0,0,0,0,0
KET8003,Piston,38.49,14.3,1900,Mediterranean,2.05,20.621,2,"Paterne et al., 1996",AH,37649,1,1,91,0,0,0,0,0,1,156,0,0,4,16,4,131,0,0,0,0,0,0,0,0,0,29,0,0,0,0,116,0,0,0,0,0,0
KET8003,Piston,38.49,14.3,1900,Mediterranean,2.11,21.3,2,"Paterne et al., 1996",AH,37649,0,7,84,0,0,0,0,0,0,123,0,0,0,22,8,95,1,0,0,0,1,0,0,0,0,69,0,0,0,0,122,0,0,0,0,0,0
KET8003,Piston,38.49,14.3,1900,Mediterranean,2.15,21.772,2,"Paterne et al., 1996",AH,37649,0,2,89,0,0,0,0,0,1,101,0,0,1,23,1,82,0,0,0,0,1,0,0,0,0,29,0,0,0,0,70,0,0,0,0,0,0
KET8003,Piston,38.49,14.3,1900,Mediterranean,2.21,22.497,2,"Paterne et al., 1996",AH,37649,0,4,57,0,0,0,0,0,0,165,0,0,0,27,7,147,2,0,0,0,0,0,0,0,0,27,0,0,0,0,110,0,0,0,0,0,0
KET8003,Piston,38.49,14.3,1900,Mediterranean,2.25,23.003,2,"Paterne et al., 1996",AH,37649,0,5,49,0,0,0,0,0,0,209,0,0,0,16,5,214,0,0,0,0,2,0,0,0,0,11,0,0,0,0,86,0,0,0,0,0,0
KET8019,Piston,40.33,13.21,1920,Mediterranean,2.71,19.425,3,"Paterne et al., 1996",AH,37649,0,1,84,3,0,0,0,0,0,80,0,0,0,22,9,104,1,0,0,0,1,0,0,0,0,32,0,0,0,0,90,0,0,0,0,0,0
KET8019,Piston,40.33,13.21,1920,Mediterranean,2.81,20.207,3,"Paterne et al., 1996",AH,37649,0,1,55,1,0,0,0,0,0,65,0,0,0,18,5,65,0,0,0,0,1,0,0,0,0,6,0,0,0,0,42,0,0,0,0,0,0
KET8019,Piston,40.33,13.21,1920,Mediterranean,2.98,21.542,3,"Paterne et al., 1996",AH,37649,0,1,76,0,0,0,0,0,1,75,0,0,0,16,5,198,0,0,0,0,2,0,0,0,0,6,0,0,0,0,66,0,0,0,0,0,0
KET8019,Piston,40.33,13.21,1920,Mediterranean,3.01,21.784,3,"Paterne et al., 1996",AH,37649,0,0,35,0,0,0,0,0,0,64,0,0,0,8,6,170,0,0,0,0,2,1,0,0,0,0,0,0,0,0,43,0,0,0,0,0,0
KET8019,Piston,40.33,13.21,1920,Mediterranean,3.14,22.186,3,"Paterne et al., 1996",AH,37649,1,0,30,0,0,0,0,0,0,150,0,0,0,13,4,94,0,0,0,0,1,0,0,0,0,7,0,0,0,0,49,0,0,0,0,0,0
KET8019,Piston,40.33,13.21,1920,Mediterranean,3.21,22.589,3,"Paterne et al., 1996",AH,37649,0,0,5,0,0,0,0,0,0,73,0,0,0,33,9,165,0,0,0,0,1,0,0,0,0,105,0,0,0,0,77,0,0,0,0,0,0
KET8039,Piston,36.32,11.41,290,Mediterranean,2.7125,18.93,4,kallel (pers comms),AH,37650,0,0,129,0,0,0,0,0,2,70,0,0,0,43,3,122,16,0,0,0,5,0,0,0,1,4,0,0,0,0,62,0,0,0,0,0,0
KET8039,Piston,36.32,11.41,290,Mediterranean,2.8125,19.218,4,kallel (pers comms),AH,37650,0,0,67,1,1,0,0,0,0,88,0,0,0,53,0,90,10,0,0,0,14,0,0,0,1,0,0,0,0,0,21,0,0,0,0,0,0
KET8039,Piston,36.32,11.41,290,Mediterranean,2.9125,19.505,4,kallel (pers comms),AH,37650,0,3,111,0,0,0,0,0,0,64,0,0,0,38,2,105,19,0,0,0,6,0,0,0,0,3,0,0,0,0,31,0,0,0,0,0,0
KET8039,Piston,36.32,11.41,290,Mediterranean,3.0125,19.793,4,kallel (pers comms),AH,37650,0,1,72,0,1,0,0,0,3,104,0,0,0,41,0,73,9,0,0,0,8,0,0,0,0,0,0,0,0,0,19,0,0,0,0,0,0
KET8039,Piston,36.32,11.41,290,Mediterranean,3.1125,20.081,4,kallel (pers comms),AH,37650,0,3,93,0,0,0,0,0,0,59,0,0,0,43,1,86,5,0,0,0,9,0,0,0,1,1,0,0,0,0,21,0,0,0,0,0,0
KET8039,Piston,36.32,11.41,290,Mediterranean,3.2125,20.368,4,kallel (pers comms),AH,37650,1,3,142,1,0,0,0,0,0,74,0,0,0,55,3,145,17,0,0,0,10,0,0,0,1,0,0,0,0,0,25,0,0,0,0,0,0
KET8039,Piston,36.32,11.41,290,Mediterranean,3.3125,20.656,4,kallel (pers comms),AH,37650,0,2,83,0,0,0,0,0,0,44,0,0,0,27,1,99,7,0,0,0,1,0,0,0,0,2,0,0,0,0,37,0,0,0,0,0,0
KET8039,Piston,36.32,11.41,290,Mediterranean,3.4125,20.994,4,kallel (pers comms),AH,37650,0,10,111,0,0,0,0,0,0,77,0,0,1,60,3,143,7,0,0,0,6,0,0,0,0,3,0,0,0,0,68,0,0,0,0,0,0
KET8039,Piston,36.32,11.41,290,Mediterranean,3.5125,21.231,4,kallel (pers comms),AH,37650,1,3,92,3,0,0,0,0,2,66,0,0,0,49,1,116,10,0,0,0,12,0,0,0,0,0,0,0,0,0,32,0,0,0,0,0,0
KET8039,Piston,36.32,11.41,290,Mediterranean,3.6125,21.519,4,kallel (pers comms),AH,37650,0,6,95,0,0,0,0,0,0,70,0,0,1,35,4,114,12,0,0,0,5,0,0,0,0,2,0,0,0,0,25,0,0,0,0,0,0
KET8039,Piston,36.32,11.41,290,Mediterranean,3.7125,21.807,4,kallel (pers comms),AH,37650,1,3,47,0,0,0,0,0,1,55,0,0,0,36,0,154,7,0,0,0,5,0,0,0,2,0,0,0,0,0,26,0,0,0,0,0,0
KET8039,Piston,36.32,11.41,290,Mediterranean,3.8125,22.094,4,kallel (pers comms),AH,37650,0,1,79,3,0,0,0,0,0,73,0,0,0,43,3,224,5,0,0,0,5,0,0,0,0,1,0,0,0,0,44,0,0,0,0,0,0
KET8039,Piston,36.32,11.41,290,Mediterranean,3.9125,22.382,4,kallel (pers comms),AH,37650,0,2,91,0,0,0,0,0,0,72,0,0,1,22,0,237,15,0,0,0,1,0,0,0,0,1,0,0,0,0,25,0,0,0,0,0,0
KET8039,Piston,36.32,11.41,290,Mediterranean,4.0125,22.67,4,kallel (pers comms),AH,37650,2,5,68,0,0,0,0,0,0,71,0,0,0,29,4,185,9,0,0,0,5,0,0,0,0,3,0,0,0,0,39,0,0,0,0,0,0
KET8039,Piston,36.32,11.41,290,Mediterranean,4.1125,23.084,4,kallel (pers comms),AH,37650,2,1,6,0,0,0,0,0,1,92,0,0,0,23,0,149,12,0,0,0,4,0,0,0,3,0,0,0,0,0,33,0,0,0,0,0,0
MD84-632,Piston,32.47,34.23,1425,Mediterranean,1.58,18.976,3,kallel (pers comms),AH,37650,0,3,571,6,0,0,0,0,47,16,0,0,3,3,0,192,0,0,0,0,0,0,0,0,0,56,0,0,0,0,35,0,0,0,0,3,0
MD84-632,Piston,32.47,34.23,1425,Mediterranean,1.6,19.195,3,kallel (pers comms),AH,37650,0,3,701,0,0,0,0,0,39,30,0,0,1,0,0,144,0,0,0,0,0,0,0,0,0,48,0,0,0,0,30,0,0,0,0,9,0
MD84-632,Piston,32.47,34.23,1425,Mediterranean,1.62,19.413,3,kallel (pers comms),AH,37650,0,8,763,3,0,0,0,0,34,17,1,0,0,1,0,153,0,0,0,0,0,0,0,0,0,39,0,0,0,0,30,0,0,0,0,3,0
MD84-632,Piston,32.47,34.23,1425,Mediterranean,1.64,19.62,3,kallel (pers comms),AH,37650,0,5,1176,8,1,0,0,0,45,53,1,0,1,0,0,267,0,0,0,0,0,0,0,0,0,77,0,0,0,0,45,0,0,0,0,5,0
MD84-632,Piston,32.47,34.23,1425,Mediterranean,1.66,19.839,3,kallel (pers comms),AH,37650,0,1,593,2,0,0,0,0,25,36,1,0,0,0,0,77,0,0,0,0,0,0,0,0,0,45,0,0,0,0,24,0,0,0,0,4,0
MD84-632,Piston,32.47,34.23,1425,Mediterranean,1.68,20.046,3,kallel (pers comms),AH,37650,1,3,653,2,0,0,0,0,27,34,0,0,3,1,0,209,0,0,0,0,0,0,0,0,0,37,0,0,0,0,35,0,0,0,0,7,0
MD84-632,Piston,32.47,34.23,1425,Mediterranean,1.7,20.265,3,kallel (pers comms),AH,37650,0,9,1090,8,0,0,0,0,61,59,0,0,1,0,0,311,0,0,0,0,0,0,0,0,0,62,0,0,0,0,57,0,0,0,0,12,0
MD84-632,Piston,32.47,34.23,1425,Mediterranean,1.72,20.483,3,kallel (pers comms),AH,37650,0,5,1000,8,0,0,0,0,48,50,0,0,3,0,0,239,0,0,0,0,0,0,0,0,0,72,0,0,0,0,38,0,0,0,0,10,0
MD84-632,Piston,32.47,34.23,1425,Mediterranean,1.74,20.69,3,kallel (pers comms),AH,37650,0,6,713,8,0,0,0,0,33,17,0,0,3,1,0,150,0,0,0,0,0,0,0,0,0,38,0,0,0,0,14,0,0,0,0,3,0
MD84-632,Piston,32.47,34.23,1425,Mediterranean,1.76,20.909,3,kallel (pers comms),AH,37650,0,5,520,10,0,0,0,0,20,14,0,0,1,0,0,126,0,0,0,0,0,0,0,0,0,24,0,0,0,0,18,0,0,0,0,5,0
MD84-632,Piston,32.47,34.23,1425,Mediterranean,1.78,21.116,3,kallel (pers comms),AH,37650,0,4,871,4,1,0,0,0,26,12,1,0,3,0,0,189,0,0,0,0,0,0,0,0,0,30,0,0,0,0,26,0,0,0,0,3,0
MD84-632,Piston,32.47,34.23,1425,Mediterranean,1.8,21.335,3,kallel (pers comms),AH,37650,1,4,767,3,0,0,0,0,33,9,0,0,6,0,0,186,0,0,0,0,0,0,0,0,0,53,0,0,0,0,34,0,0,0,0,1,0
MD84-632,Piston,32.47,34.23,1425,Mediterranean,1.82,21.554,3,kallel (pers comms),AH,37650,0,6,620,5,0,0,0,0,20,11,0,0,8,1,0,160,0,0,0,0,0,0,0,0,0,49,0,0,0,0,38,0,0,0,0,4,0
MD84-632,Piston,32.47,34.23,1425,Mediterranean,1.84,21.761,3,kallel (pers comms),AH,37650,0,2,478,1,0,0,0,0,12,16,1,0,14,0,0,158,0,0,0,0,0,0,0,0,0,60,0,0,0,0,37,0,0,0,0,3,0
MD84-632,Piston,32.47,34.23,1425,Mediterranean,1.86,21.979,3,kallel (pers comms),AH,37650,0,40,561,3,0,0,0,0,7,12,1,0,13,0,0,194,0,0,0,0,0,0,0,0,0,52,0,0,0,0,41,0,0,0,0,1,0
MD84-632,Piston,32.47,34.23,1425,Mediterranean,1.88,22.186,3,kallel (pers comms),AH,37650,0,1,608,2,0,0,0,0,4,10,0,0,6,0,0,165,0,0,0,0,0,0,0,0,0,53,0,0,0,0,35,0,0,0,0,2,0
MD84-632,Piston,32.47,34.23,1425,Mediterranean,1.9,22.405,3,kallel (pers comms),AH,37650,0,2,1013,1,1,0,0,0,6,11,0,0,5,1,0,170,0,0,0,0,0,0,0,0,0,117,0,0,0,0,36,0,0,0,0,9,0
MD84-632,Piston,32.47,34.23,1425,Mediterranean,1.92,22.624,3,kallel (pers comms),AH,37650,0,4,1015,2,0,0,0,0,7,57,0,0,1,11,0,167,0,0,0,0,0,0,0,0,0,87,0,0,0,0,37,0,0,0,0,3,0
MD84-632,Piston,32.47,34.23,1425,Mediterranean,1.96,23.05,3,kallel (pers comms),AH,37650,0,12,937,2,0,0,0,0,9,267,0,1,0,17,3,282,0,0,0,0,0,0,0,0,0,75,0,0,0,0,20,0,0,0,0,14,0
MD992346,Piston,42.044,4.151,2089,Mediterranean,6.195,19.091,3,kallel (pers comms),AH,37650,0,0,2,0,0,0,0,0,2,286,0,0,0,107,2,27,0,0,0,0,0,0,0,0,0,38,0,0,0,0,53,0,0,0,0,0,0
MD992346,Piston,42.044,4.151,2089,Mediterranean,6.295,19.287,3,kallel (pers comms),AH,37650,0,0,2,0,0,0,0,0,2,202.875,0,0,0,88,1,30,0,0,0,0,0,0,0,0,0,43,0,0,0,0,70,0,0,0,0,0,0
MD992346,Piston,42.044,4.151,2089,Mediterranean,6.385,19.482,3,kallel (pers comms),AH,37650,0,0,6,0,0,0,0,0,2,209,0,0,0,66,0,40,0,0,0,0,0,0,0,0,0,25,0,0,0,0,39,0,0,0,0,0,0
MD992346,Piston,42.044,4.151,2089,Mediterranean,6.525,19.781,3,kallel (pers comms),AH,37650,0,1,8,0,0,0,0,0,2,198,0,0,0,111,0,52,0,0,0,0,0,0,0,0,0,13,0,0,0,0,54,0,0,0,0,0,0
MD992346,Piston,42.044,4.151,2089,Mediterranean,6.625,20.012,3,kallel (pers comms),AH,37650,0,0,0,0,0,0,0,0,0,200.875,0,0,0,63,0,3,0,0,0,0,0,0,0,0,0,10,0,0,0,0,30,0,0,0,0,0,0
MD992346,Piston,42.044,4.151,2089,Mediterranean,6.725,20.253,3,kallel (pers comms),AH,37650,0,0,4,0,0,0,0,0,0,255,0,0,0,43,0,8,0,0,0,0,0,0,0,0,0,45,0,0,0,0,38,0,0,0,0,0,0
MD992346,Piston,42.044,4.151,2089,Mediterranean,6.915,20.725,3,kallel (pers comms),AH,37650,0,0,0,0,0,0,0,0,0,269.625,0,0,0,22,0,10,0,0,0,0,0,0,0,0,0,41,0,0,0,0,37,0,0,0,0,0,0
MD992346,Piston,42.044,4.151,2089,Mediterranean,7.115,21.059,3,kallel (pers comms),AH,37650,0,0,3,0,0,0,0,0,3,326.5,1,0,0,118,0,15,0,0,0,0,0,0,0,0,0,9,0,0,0,0,62,0,0,0,0,0,0
MD992346,Piston,42.044,4.151,2089,Mediterranean,7.285,21.358,3,kallel (pers comms),AH,37650,0,0,2,0,0,0,0,0,0,148,0,0,0,37,1,2,0,0,0,0,0,0,0,0,0,10,0,0,0,0,35,0,0,0,0,0,0
MD992346,Piston,42.044,4.151,2089,Mediterranean,7.485,21.703,3,kallel (pers comms),AH,37650,0,0,0,0,0,0,0,0,0,206.25,0,0,0,74,0,11,0,0,0,0,0,0,0,0,0,14,0,0,0,0,36,0,0,0,0,0,0
MD992346,Piston,42.044,4.151,2089,Mediterranean,7.59,21.899,3,kallel (pers comms),AH,01/29/03,0,0,1,0,0,0,0,0,1,253.5,0,0,0,33,0,25,0,0,0,0,0,0,0,0,0,3,0,0,0,0,13,0,0,0,0,0,0
MD992346,Piston,42.044,4.151,2089,Mediterranean,7.685,22.06,3,kallel (pers comms),AH,37650,0,0,0,0,0,0,0,0,2,298.5,0,0,0,52,0,23,0,0,0,0,0,0,0,0,0,6,0,0,0,0,65,0,0,0,0,0,0
MD992346,Piston,42.044,4.151,2089,Mediterranean,7.79,22.256,3,kallel (pers comms),AH,37650,0,0,1,0,0,0,0,0,2,247,0,0,0,41,2,40,0,0,0,0,0,0,0,0,0,4,0,0,0,0,77,0,0,0,0,0,0
MD992346,Piston,42.044,4.151,2089,Mediterranean,7.885,22.417,3,kallel (pers comms),AH,37650,0,0,1,0,0,0,0,0,0,178.25,0,0,0,16,0,65,0,0,0,0,0,0,0,0,0,6,0,0,0,0,71,0,0,0,0,0,0
MD992346,Piston,42.044,4.151,2089,Mediterranean,8,22.635,3,kallel (pers comms),AH,37650,0,0,1,0,0,0,0,0,2,271,0,0,0,21,4,131,0,0,0,0,0,0,0,0,0,3,0,0,0,0,74,0,0,0,0,0,0
MD992346,Piston,42.044,4.151,2089,Mediterranean,8.04,22.704,3,kallel (pers comms),AH,37650,0,0,0,0,0,0,0,0,0,299,0,0,0,11,7,123,0,0,0,0,0,0,0,0,0,9,0,0,0,0,45,0,0,0,0,0,0
MD992346,Piston,42.044,4.151,2089,Mediterranean,8.07,22.762,3,kallel (pers comms),AH,37650,0,0,0,0,0,0,0,0,1,273.5,0,0,0,16,7,133,0,0,0,0,0,0,0,0,0,1,0,0,0,0,45,0,0,0,0,0,0
MD992346,Piston,42.044,4.151,2089,Mediterranean,8.08,22.773,3,kallel (pers comms),AH,37650,0,0,1,0,0,0,0,0,0,178.25,0,0,0,2,1,107,0,0,0,0,0,0,0,0,0,3,0,0,0,0,18,0,0,0,0,0,0
MD992346,Piston,42.044,4.151,2089,Mediterranean,8.085,22.785,3,kallel (pers comms),AH,37650,0,0,0,0,0,0,0,0,0,259.5,0,0,0,7,3,146,0,0,0,0,0,0,0,0,0,5,0,0,0,0,39,0,0,0,0,0,0
MD992346,Piston,42.044,4.151,2089,Mediterranean,8.1,22.819,3,kallel (pers comms),AH,37650,0,0,0,0,0,0,0,0,0,206,0,0,0,5,4,95,0,0,0,0,0,0,0,0,0,4,0,0,0,0,37,0,0,0,0,0,0
MD992346,Piston,42.044,4.151,2089,Mediterranean,8.15,22.9,3,kallel (pers comms),AH,37650,0,0,0,0,0,0,0,0,0,310,0,0,0,4,3,98,0,0,0,0,0,0,0,0,0,1,0,0,0,0,27,0,0,0,0,0,0
MD992346,Piston,42.044,4.151,2089,Mediterranean,8.2,22.992,3,kallel (pers comms),AH,37650,0,0,7,0,0,0,0,0,3,355,0,0,0,3,7,74,0,0,0,0,2,0,0,0,0,2,0,0,0,0,44,0,0,0,0,0,0
MD992346,Piston,42.044,4.151,2089,Mediterranean,8.255,23.084,3,kallel (pers comms),AH,37650,0,0,32,2,0,0,0,0,4,192,0,0,0,6,1,127,0,0,0,0,4,0,0,0,0,2,0,0,0,0,124,0,0,0,0,0,0
KET8022,Piston,40.35,11.43,2430,Mediterranean,1.11,18.826,3,"Paterne et al., 1996",AH,37650,0,0,12,0,0,0,0,0,0,40,0,0,0,5,0,22,3,0,0,0,0,0,0,0,0,6,0,0,0,0,11,0,0,0,0,0,0
KET8022,Piston,40.35,11.43,2430,Mediterranean,1.41,21.243,3,"Paterne et al., 1996",AH,37650,0,0,12,0,0,0,0,0,0,23,0,0,0,7,0,18,1,0,0,0,0,0,0,0,0,14,0,0,0,0,24,0,0,0,0,0,0
KET8022,Piston,40.35,11.43,2430,Mediterranean,1.71,23.659,3,"Paterne et al., 1996",AH,37650,0,0,2,0,0,0,0,0,0,19,0,0,0,16,0,13,0,0,0,0,0,0,0,0,0,13,0,0,0,0,34,0,0,0,0,0,0
KET8216,Piston,41.31,17.59,1166,Mediterranean,1.81,19.977,2,kallel (pers comms),AH,37650,0,0,7,0,0,0,0,0,0,93,0,0,0,11,5,101,0,0,0,0,0,0,0,0,0,16,0,0,0,0,19,0,0,0,0,0,0
KET8216,Piston,41.31,17.59,1166,Mediterranean,1.91,21.047,2,kallel (pers comms),AH,37650,0,0,6,2,0,0,0,0,0,34,0,0,0,10,2,40,0,0,0,0,0,0,0,0,0,38,0,0,0,0,17,0,0,0,0,0,0
KET8216,Piston,41.31,17.59,1166,Mediterranean,2.01,22.117,2,kallel (pers comms),AH,37650,2,0,4,0,0,0,0,0,0,52,0,0,0,14,5,60,0,0,0,0,1,0,0,0,0,23,0,0,0,0,12,0,0,0,0,0,0
KET8216,Piston,41.31,17.59,1166,Mediterranean,2.09,22.969,2,kallel (pers comms),AH,37650,0,0,26,0,0,0,0,0,0,136,0,0,0,49,8,67,0,0,0,0,1,0,0,0,0,25,0,0,0,0,26,0,0,0,0,0,0
MD90901,Piston,39.947,1.591,1560,Mediterranean,4.2,19.344,3,kallel (pers comms),AH,37650,1,0,40,0,0,0,0,0,2,184,0,0,0,25,2,78,0,0,0,0,7,0,0,0,0,56,0,0,0,0,34,0,0,0,0,0,0
MD90901,Piston,39.947,1.591,1560,Mediterranean,4.3,19.632,3,kallel (pers comms),AH,37650,2,0,40,0,0,0,0,0,0,105,0,0,0,42,0,52,0,0,0,0,1,0,0,0,0,21,0,0,0,0,24,0,0,0,0,0,0
MD90901,Piston,39.947,1.591,1560,Mediterranean,4.4,19.758,3,kallel (pers comms),AH,37650,2,0,58,0,0,0,0,1,1,155,0,0,0,45,2,70,0,0,0,0,1,0,0,0,0,20,0,0,0,0,25,0,0,0,0,0,0
MD90901,Piston,39.947,1.591,1560,Mediterranean,4.5,19.908,3,kallel (pers comms),AH,37650,0,0,44,0,0,0,0,0,0,123,0,0,0,36,1,62,0,0,0,0,2,0,0,0,0,11,0,0,0,0,16,0,0,0,0,0,0
MD90901,Piston,39.947,1.591,1560,Mediterranean,4.6,20.138,3,kallel (pers comms),AH,37650,0,1,36,0,0,0,0,0,0,112,0,0,0,23,2,96,0,0,0,0,0,0,0,0,0,18,0,0,0,0,20,0,0,0,0,0,0
MD90901,Piston,39.947,1.591,1560,Mediterranean,4.7,20.483,3,kallel (pers comms),AH,37650,0,0,26,0,0,0,0,0,0,210,0,0,0,24,0,34,0,0,0,0,0,0,0,0,0,59,0,0,0,0,18,0,0,0,0,0,0
MD90901,Piston,39.947,1.591,1560,Mediterranean,4.8,20.898,3,kallel (pers comms),AH,37650,0,2,55,0,0,0,0,0,1,144,1,0,0,9,0,36,1,0,0,0,1,0,0,0,0,16,0,0,0,0,26,0,0,0,0,0,0
MD90901,Piston,39.947,1.591,1560,Mediterranean,4.9,21.3,3,kallel (pers comms),AH,37650,0,1,40,1,0,0,0,1,0,138,0,0,0,38,1,45,0,0,0,0,1,0,0,0,0,28,0,0,0,0,25,0,0,0,0,0,0
MD90901,Piston,39.947,1.591,1560,Mediterranean,5,21.657,3,kallel (pers comms),AH,37650,0,2,18,0,0,0,0,0,0,175,0,0,0,76,1,60,0,0,0,0,0,0,0,0,0,41,0,0,0,0,22,0,0,0,0,0,0
MD90901,Piston,39.947,1.591,1560,Mediterranean,5.1,21.945,3,kallel (pers comms),AH,37650,0,0,35,0,0,0,0,1,0,93,0,0,0,45,0,29,0,0,0,0,5,0,0,0,0,29,0,0,0,0,70,0,0,0,0,0,0
MD90901,Piston,39.947,1.591,1560,Mediterranean,5.2,22.152,3,kallel (pers comms),AH,37650,0,1,81,0,0,0,0,0,0,128,0,0,0,23,1,57,0,0,0,0,2,0,0,0,0,6,0,0,0,0,38,0,0,0,0,0,0
MD90901,Piston,39.947,1.591,1560,Mediterranean,5.3,22.29,3,kallel (pers comms),AH,37650,0,1,65,0,0,0,0,0,0,246,0,0,0,47,0,52,0,0,0,0,1,0,0,0,0,14,0,0,0,0,72,0,0,0,0,0,0
MD90901,Piston,39.947,1.591,1560,Mediterranean,5.4,22.348,3,kallel (pers comms),AH,37650,0,0,42,0,0,0,0,0,0,204,0,0,0,31,2,48,0,0,0,0,3,0,0,0,0,21,0,0,0,0,43,0,0,0,0,0,0
MD90901,Piston,39.947,1.591,1560,Mediterranean,5.5,22.382,3,kallel (pers comms),AH,37650,0,0,30,0,0,0,0,0,0,103,0,0,0,32,2,67,0,0,0,0,3,0,0,0,0,29,0,0,0,0,30,0,0,0,0,0,0
MD90901,Piston,39.947,1.591,1560,Mediterranean,5.6,22.52,3,kallel (pers comms),AH,37650,1,0,19,0,0,0,0,0,0,95,0,0,0,40,1,44,0,0,0,0,0,0,0,0,0,10,0,0,0,0,20,0,0,0,0,0,0
MD90901,Piston,39.947,1.591,1560,Mediterranean,5.7,22.923,3,kallel (pers comms),AH,37650,0,0,13,1,0,0,0,0,0,147,0,0,0,97,0,41,0,0,0,0,5,0,0,0,0,11,0,0,0,0,62,0,0,0,0,0,0
MD90-917,Piston,41.298,17.613,1010,Mediterranean,5.45,19.125,2,kallel (pers comms),AH,37650,0,3,11,0,0,0,0,0,0,64,7,0,1,10,2,183,0,0,0,0,0,0,0,0,0,92,0,0,0,0,42,0,0,0,0,3,0
MD90-917,Piston,41.298,17.613,1010,Mediterranean,5.5,19.333,2,kallel (pers comms),AH,37650,0,0,15,0,0,0,0,0,0,60,1,0,0,45,1,101,1,0,0,0,0,0,0,0,0,134,0,0,0,0,51,0,1,0,0,3,0
MD90-917,Piston,41.298,17.613,1010,Mediterranean,5.55,19.563,2,kallel (pers comms),AH,37650,0,1,26,0,0,0,0,0,0,142,5,0,0,10,2,137,0,0,0,0,0,0,0,0,0,43,0,0,0,0,18,0,0,0,0,3,0
MD90-917,Piston,41.298,17.613,1010,Mediterranean,5.6,19.781,2,kallel (pers comms),AH,37650,0,1,12,2,0,0,0,0,0,108,1,0,0,11,0,129,0,0,0,0,0,0,0,0,0,61,0,0,0,0,42,0,0,0,0,4,0
MD90-917,Piston,41.298,17.613,1010,Mediterranean,5.65,20,2,kallel (pers comms),AH,37650,0,2,5,0,0,0,0,0,0,77,7,0,1,12,1,61,0,0,0,0,0,0,0,0,0,104,0,0,0,0,44,0,0,0,0,4,0
MD90-917,Piston,41.298,17.613,1010,Mediterranean,5.7,20.23,2,kallel (pers comms),AH,37650,0,1,5,0,0,0,0,0,0,104,3,0,0,10,2,95,1,0,0,0,0,0,0,0,0,74,0,0,0,0,19,0,0,0,0,3,0
MD90-917,Piston,41.298,17.613,1010,Mediterranean,5.75,20.46,2,kallel (pers comms),AH,37650,0,5,28,0,0,0,0,0,0,154,11,0,0,26,0,134,0,0,0,0,0,0,0,0,0,93,0,0,0,0,32,0,0,0,0,1,0
MD90-917,Piston,41.298,17.613,1010,Mediterranean,5.8,20.69,2,kallel (pers comms),AH,37650,0,1,2,0,0,0,0,0,0,118,2,0,0,17,1,78,0,0,0,0,0,0,0,0,0,71,0,0,0,0,41,0,0,0,0,4,0
MD90-917,Piston,41.298,17.613,1010,Mediterranean,5.85,20.921,2,kallel (pers comms),AH,37650,0,1,6,0,0,0,0,0,0,103,6,0,0,13,0,70,0,0,0,0,0,0,0,0,0,59,0,0,0,0,61,0,0,0,0,3,0
MD90-917,Piston,41.298,17.613,1010,Mediterranean,5.9,21.151,2,kallel (pers comms),AH,37650,0,0,2,0,0,0,0,0,0,85,3,0,1,27,0,74,0,0,0,0,0,0,0,0,0,189,0,0,0,0,50,0,0,0,0,4,0
MD90-917,Piston,41.298,17.613,1010,Mediterranean,5.95,21.381,2,kallel (pers comms),AH,37650,0,1,8,0,0,0,0,0,0,136,9,0,0,10,0,97,0,0,0,0,0,0,0,0,0,145,0,0,0,0,43,0,0,0,0,0,0
MD90-917,Piston,41.298,17.613,1010,Mediterranean,6,21.311,2,kallel (pers comms),AH,37650,0,0,15,0,0,0,0,0,0,113,6,0,1,54,1,77,1,0,0,0,0,0,0,0,0,14,0,0,0,0,20,0,0,0,0,3,0
MD90-917,Piston,41.298,17.613,1010,Mediterranean,6.05,22.037,2,kallel (pers comms),AH,37650,0,1,8,0,0,0,0,0,0,136,10,0,1,52,0,80,0,0,0,0,2,0,0,0,0,17,0,0,0,0,34,0,0,0,0,3,0
MD90-917,Piston,41.298,17.613,1010,Mediterranean,6.1,22.463,2,kallel (pers comms),AH,37650,0,0,11,0,1,0,0,0,0,132,7,0,1,53,3,73,1,0,0,0,2,0,0,0,0,16,0,0,0,0,29,0,0,0,0,7,0
MD90-917,Piston,41.298,17.613,1010,Mediterranean,6.15,22.612,2,kallel (pers comms),AH,37650,0,0,5,0,0,0,0,0,0,133,9,0,0,42,0,77,0,0,0,0,1,0,0,0,0,12,0,0,0,0,24,0,0,0,0,5,0
MD90-917,Piston,41.298,17.613,1010,Mediterranean,6.2,22.762,2,kallel (pers comms),AH,37650,0,0,2,0,0,0,0,0,0,93,6,0,0,96,2,31,0,0,0,0,7,0,0,0,0,21,0,0,0,0,33,0,0,0,0,10,0
MD90-917,Piston,41.298,17.613,1010,Mediterranean,6.25,22.934,2,kallel (pers comms),AH,37650,0,1,7,0,0,0,0,0,0,151,14,0,0,42,0,43,0,0,0,0,3,0,0,0,0,10,0,0,0,0,30,0,0,0,0,8,0
SU8107,Piston,35.57,-3.48,1375,Mediterranean,2.5,19.482,3,kallel (pers comms),AH,37650,1,0,0,0,0,0,0,0,1,43,0,0,0,116,5,247,5,0,0,0,1,0,0,0,0,7,0,0,0,0,15,0,0,0,0,0,0
SU8107,Piston,35.57,-3.48,1375,Mediterranean,2.6,20.219,3,kallel (pers comms),AH,37650,1,0,2,0,0,0,0,0,0,46,0,0,1,65,7,320,14,0,0,0,5,0,0,0,0,4,0,0,0,0,14,0,0,0,0,0,0
SU8107,Piston,35.57,-3.48,1375,Mediterranean,2.7,20.944,3,kallel (pers comms),AH,37650,0,0,4,0,0,0,0,0,2,29,0,0,0,67,13,309,9,0,0,0,4,0,0,0,0,10,0,0,0,0,16,0,0,0,0,0,0
SU8107,Piston,35.57,-3.48,1375,Mediterranean,2.8,21.565,3,kallel (pers comms),AH,37650,3,1,1,0,0,0,0,0,0,30,0,0,0,35,6,180,3,0,0,0,2,0,0,0,0,5,0,0,0,0,9,0,0,0,0,0,0
SU8107,Piston,35.57,-3.48,1375,Mediterranean,2.9,22.117,3,kallel (pers comms),AH,37650,0,0,5,0,0,0,0,0,2,33,0,0,0,63,3,260,2,0,0,0,4,0,0,0,0,2,0,0,0,0,13,0,0,0,0,0,0
SU8107,Piston,35.57,-3.48,1375,Mediterranean,3,22.601,3,kallel (pers comms),AH,37650,0,0,0,0,0,0,0,0,1,32,0,0,0,38,3,235,2,0,0,0,1,0,0,0,0,8,0,0,0,0,7,0,0,0,0,0,0
SU8107,Piston,35.57,-3.48,1375,Mediterranean,3.1,23.027,3,kallel (pers comms),AH,37650,0,0,1,0,0,0,0,0,0,46,0,0,0,75,5,229,2,0,0,0,5,0,0,0,0,9,0,0,0,0,18,0,0,0,0,0,0
MD84627,Piston,32.14,33.45,1185,Mediterranean,0.6,19.816,3,kallel (pers comms),AH,37650,0,0,161,1,0,0,0,0,0,7,0,0,0,1,0,109,0,0,0,0,0,0,0,0,0,9,0,0,0,0,12,0,0,0,0,0,0
MD84627,Piston,32.14,33.45,1185,Mediterranean,0.7,21.128,3,kallel (pers comms),AH,37650,0,0,263,0,0,0,0,0,0,6,0,0,0,0,1,92,0,0,0,0,0,0,0,0,0,12,0,0,0,0,10,0,0,0,0,0,0
MD84627,Piston,32.14,33.45,1185,Mediterranean,0.8,22.44,3,kallel (pers comms),AH,37650,0,0,373,0,0,0,0,0,0,12,0,0,0,0,0,117,0,0,0,0,0,0,0,0,0,7,0,0,0,0,7,0,0,0,0,0,0
MD84629,Piston,32.04,34.21,745,Mediterranean,1.6,19.287,3,kallel (pers comms),AH,37650,0,9,237,2,0,0,0,0,1,7,0,1,6,0,0,67,0,0,0,0,1,0,0,0,0,2,0,0,0,0,10,0,0,0,0,0,0
MD84629,Piston,32.04,34.21,745,Mediterranean,1.65,19.85,3,kallel (pers comms),AH,37650,4,0,287,1,0,0,0,0,0,11,0,0,0,3,2,87,0,0,0,0,2,0,0,0,0,1,0,0,0,0,1,0,0,0,0,0,0
MD84629,Piston,32.04,34.21,745,Mediterranean,1.7,20.414,3,kallel (pers comms),AH,37650,0,15,248,0,0,0,0,0,0,15,0,0,5,1,2,37,0,0,0,0,0,0,0,0,0,4,0,0,0,0,4,0,0,0,0,0,0
MD84629,Piston,32.04,34.21,745,Mediterranean,1.75,20.978,3,kallel (pers comms),AH,37650,0,0,195,0,1,0,0,0,0,10,0,0,0,1,0,71,0,0,0,0,1,0,0,0,0,2,0,0,0,0,5,0,0,0,0,0,0
MD84629,Piston,32.04,34.21,745,Mediterranean,1.8,21.335,3,kallel (pers comms),AH,37650,0,9,235,1,0,0,0,1,0,166,1,0,11,1,1,122,0,0,0,0,0,0,0,0,0,7,0,0,0,0,5,0,0,0,0,0,0
MD84629,Piston,32.04,34.21,745,Mediterranean,1.85,21.611,3,kallel (pers comms),AH,37650,0,0,222,1,0,0,0,0,0,72,1,0,0,2,0,69,0,0,0,0,0,0,0,0,0,0,0,0,0,0,0,0,0,0,0,0,0
MD84629,Piston,32.04,34.21,745,Mediterranean,1.9,21.864,3,kallel (pers comms),AH,37650,0,5,239,0,0,0,0,0,0,131,0,0,12,6,3,33,0,0,0,0,0,0,0,0,0,3,0,0,0,0,3,0,0,0,0,0,0
MD84629,Piston,32.04,34.21,745,Mediterranean,1.95,22.094,3,kallel (pers comms),AH,37650,0,0,234,0,3,0,0,0,1,161,0,0,0,0,3,51,0,0,0,0,2,0,0,0,0,0,0,0,0,0,4,0,0,0,0,0,0
MD84629,Piston,32.04,34.21,745,Mediterranean,2,22.578,3,kallel (pers comms),AH,37650,0,0,39,0,0,0,0,0,0,199,0,0,1,40,3,109,0,0,0,0,1,0,0,0,0,5,0,0,0,0,17,0,0,0,0,0,0
MD84641,Piston,33.02,32.38,1375,Mediterranean,0.83,19.31,1,kallel (pers comms),AH,37650,0,1,221,0,0,0,0,0,0,4,0,0,0,0,1,63,0,0,0,0,0,0,0,0,0,2,0,0,0,0,3,0,0,0,0,0,0
MD84641,Piston,33.02,32.38,1375,Mediterranean,0.87,20.081,1,kallel (pers comms),AH,37650,2,0,261,0,0,0,0,0,0,8,0,0,1,0,0,64,0,0,0,0,0,0,0,0,0,7,0,0,0,0,8,0,0,0,0,0,0
MD84641,Piston,33.02,32.38,1375,Mediterranean,0.9,20.667,1,kallel (pers comms),AH,37650,0,0,363,0,0,0,0,0,0,17,0,0,0,0,1,110,0,0,0,0,0,0,0,0,0,8,0,0,0,0,6,0,0,0,0,0,0
MD84641,Piston,33.02,32.38,1375,Mediterranean,0.93,21.128,1,kallel (pers comms),AH,37650,1,0,270,0,0,0,0,0,0,7,0,0,0,0,1,99,0,0,0,0,0,0,0,0,0,11,0,0,0,0,9,0,0,0,0,0,0
MD84641,Piston,33.02,32.38,1375,Mediterranean,0.97,22.048,1,kallel (pers comms),AH,37650,3,0,304,0,0,0,0,0,0,20,0,0,6,0,0,78,0,0,0,0,0,0,0,0,0,17,0,0,0,0,11,0,0,0,0,0,0
MD84641,Piston,33.02,32.38,1375,Mediterranean,1,22.75,1,kallel (pers comms),AH,37650,0,0,347,0,1,0,0,0,0,58,0,0,1,3,5,99,0,0,0,0,0,0,0,0,0,17,0,0,0,0,7,0,0,0,0,0,0
RC9191,Piston,38.2,18.033,2345,Mediterranean,1.28,19.022,3,kallel (pers comms),AH,37651,0,0,71,2,0,0,0,0,0,90,0,0,0,1,2,147,0,0,0,0,1,0,0,0,0,22,0,0,0,0,36,0,0,0,0,0,0
RC9191,Piston,38.2,18.033,2345,Mediterranean,1.36,19.816,3,kallel (pers comms),AH,37651,0,0,65,0,0,0,0,0,0,108,0,0,0,6,5,142,0,0,0,0,1,0,0,0,0,18,0,0,0,0,42,0,0,0,0,0,0
RC9191,Piston,38.2,18.033,2345,Mediterranean,1.46,20.506,3,kallel (pers comms),AH,37651,0,0,73,0,0,0,0,0,1,73,0,0,1,9,1,184,0,0,0,0,0,0,0,0,0,68,0,0,0,0,40,0,0,0,0,0,0
RC9191,Piston,38.2,18.033,2345,Mediterranean,1.56,21.013,3,kallel (pers comms),AH,37651,0,1,113,0,0,0,0,0,0,90,0,0,1,14,5,199,0,0,0,0,0,0,0,0,0,38,0,0,0,0,50,0,0,0,0,0,0
RC9191,Piston,38.2,18.033,2345,Mediterranean,1.65,21.508,3,kallel (pers comms),AH,37651,0,0,97,0,0,0,0,0,0,110,1,0,0,4,3,142,0,0,0,0,0,0,0,0,0,49,0,0,0,0,80,0,0,0,0,0,0
V10-49,Piston,36.083,26.833,1170,Mediterranean,1.17,20.023,3,"Kallel et al., 1997b",AH,37651,0,0,198,0,0,0,0,0,2,32,0,0,1,4,4,193,0,0,0,0,1,0,0,0,0,30,0,0,0,0,81,0,0,0,0,0,0
V10-51,Piston,35.917,27.3,791,Mediterranean,1.31,19.977,3,"Kallel et al., 1997b",AH,37651,3,0,204,0,0,0,0,0,0,17,0,0,0,5,2,139,0,0,0,0,0,0,0,0,0,16,0,0,0,0,30,0,0,0,0,0,0
V10-51,Piston,35.917,27.3,791,Mediterranean,1.41,21.438,3,"Kallel et al., 1997b",AH,37651,0,1,151,0,0,0,0,0,0,27,0,0,0,3,0,110,0,0,0,0,0,0,0,0,0,19,0,0,0,0,45,0,0,0,0,0,0
V10-51,Piston,35.917,27.3,791,Mediterranean,1.51,22.877,3,"Kallel et al., 1997b",AH,37651,1,1,159,0,0,0,0,0,0,82,0,0,1,14,5,203,0,0,0,0,2,0,0,0,0,41,0,0,0,0,49,0,0,0,0,0,0
80KB11,Piston,36.5,24.3,795,Mediterranean,0.89,21.162,3,"Kallel et al., 1997b",AH,37651,2,0,34,0,0,0,0,0,0,58,0,0,0,31,4,134,0,0,0,0,5,0,0,0,0,7,0,0,0,0,26,0,0,0,0,0,0
ODP 977,Piston,36.19,-1.573,1984,Mediterranean,3.56,19.346,3,"Perez-Folgado et al., 2003",AH,37652,0,0,2,0,0,0,0,2,0,22,0,0,1,13,4,331,0,0,0,0,2,0,0,0,0,0,0,0,0,0,5,0,0,0,0,0,0
ODP 977,Piston,36.19,-1.573,1984,Mediterranean,3.66,20.03,3,"Perez-Folgado et al., 2003",AH,37652,1,0,4,0,0,0,0,0,0,17,0,0,0,10,4,403,0,0,0,0,1,0,0,0,0,0,0,0,0,0,11,0,0,0,0,0,0
ODP 977,Piston,36.19,-1.573,1984,Mediterranean,3.76,20.721,3,"Perez-Folgado et al., 2003",AH,37652,0,0,3,0,0,0,0,0,0,36,0,0,1,6,5,354,0,0,0,0,4,0,0,0,0,0,0,0,0,0,9,0,0,0,0,0,0
ODP 977,Piston,36.19,-1.573,1984,Mediterranean,3.96,22.103,3,"Perez-Folgado et al., 2003",AH,37652,1,0,4,0,0,0,0,0,0,66,0,0,1,6,3,388,0,0,0,0,1,0,0,0,0,0,0,0,0,0,13,0,0,0,0,0,0
ODP 977,Piston,36.19,-1.573,1984,Mediterranean,4.02,22.507,3,"Perez-Folgado et al., 2003",AH,37652,0,0,3,0,0,0,0,0,0,67,0,0,1,15,2,253,0,0,0,0,4,0,0,0,0,0,0,0,0,0,11,0,0,0,0,0,0
BS79-22,Gravity,38.231,14.23,1449,Mediterranean,2.85,19.10343,3,"Sbaffi et al, 2001",AH,37656,0,0,20,3,0,0,0,0,0,12,8,0,0,33,0,67,0,0,0,0,0,0,0,0,0,28,0,0,0,0,59,0,0,0,0,0,0
BS79-22,Gravity,38.231,14.23,1449,Mediterranean,2.88,19.269,3,"Sbaffi et al, 2001",AH,37656,0,0,26,2,0,0,0,0,0,30,15,0,0,67,0,97,0,0,0,0,0,0,0,0,0,38,0,0,0,0,104,0,0,0,0,0,0
BS79-22,Gravity,38.231,14.23,1449,Mediterranean,2.91,19.40983,3,"Sbaffi et al, 2001",AH,37656,0,0,58,1,0,0,0,0,0,71,30,0,0,75,0,141,2,0,0,0,1,0,0,0,0,56,0,0,0,0,116,0,0,0,0,0,0
BS79-22,Gravity,38.231,14.23,1449,Mediterranean,2.94,19.55067,3,"Sbaffi et al, 2001",AH,37656,0,0,26,0,0,0,0,0,0,22,11,0,0,35,0,63,0,0,0,0,2,0,0,0,0,18,0,0,0,0,39,0,0,0,0,0,0
BS79-22,Gravity,38.231,14.23,1449,Mediterranean,2.97,19.6915,3,"Sbaffi et al, 2001",AH,37656,0,0,30,0,0,0,0,0,0,29,17,0,0,32,0,49,1,0,0,0,0,0,0,0,0,24,0,0,0,0,54,0,0,0,0,0,0
BS79-22,Gravity,38.231,14.23,1449,Mediterranean,3,19.83233,3,"Sbaffi et al, 2001",AH,37656,0,0,36,0,0,0,0,1,0,29,14,0,0,39,0,76,0,0,0,0,0,0,0,0,0,20,0,0,0,0,59,0,0,0,0,0,0
BS79-22,Gravity,38.231,14.23,1449,Mediterranean,3.03,19.97317,3,"Sbaffi et al, 2001",AH,37656,0,0,44,0,0,0,0,0,0,59,28,0,0,57,0,128,4,0,0,0,0,0,0,0,0,42,0,0,0,0,99,0,0,0,0,0,0
BS79-22,Gravity,38.231,14.23,1449,Mediterranean,3.06,20.114,3,"Sbaffi et al, 2001",AH,37656,0,0,18,0,0,0,0,0,0,31,18,0,0,16,0,44,0,0,0,0,1,0,0,0,0,18,0,0,0,0,38,0,0,0,0,0,0
BS79-22,Gravity,38.231,14.23,1449,Mediterranean,3.09,20.25483,3,"Sbaffi et al, 2001",AH,37656,0,0,42,0,0,0,0,0,0,48,22,0,0,17,0,71,1,0,0,0,0,0,0,0,0,27,0,0,0,0,61,0,0,0,0,0,0
BS79-22,Gravity,38.231,14.23,1449,Mediterranean,3.12,20.39567,3,"Sbaffi et al, 2001",AH,37656,0,0,53,0,0,0,0,0,0,38,24,0,0,32,0,80,0,0,0,0,0,0,0,0,0,57,0,0,0,0,91,0,0,0,0,0,0
BS79-22,Gravity,38.231,14.23,1449,Mediterranean,3.15,20.5365,3,"Sbaffi et al, 2001",AH,37656,0,0,64,0,0,0,0,0,0,52,37,0,0,44,0,86,0,0,0,0,0,0,0,0,0,38,0,0,0,0,82,0,0,0,0,0,0
BS79-22,Gravity,38.231,14.23,1449,Mediterranean,3.18,20.67733,3,"Sbaffi et al, 2001",AH,37656,0,0,31,2,0,0,0,0,0,53,31,0,0,59,0,98,0,0,0,0,2,0,0,0,0,41,0,0,0,0,111,0,0,0,0,0,0
BS79-22,Gravity,38.231,14.23,1449,Mediterranean,3.21,20.81817,3,"Sbaffi et al, 2001",AH,37656,0,0,27,0,0,0,0,0,0,30,11,0,0,28,0,54,0,0,0,0,0,0,0,0,0,20,0,0,0,0,67,0,0,0,0,0,0
BS79-22,Gravity,38.231,14.23,1449,Mediterranean,3.24,20.959,3,"Sbaffi et al, 2001",AH,37656,0,0,14,0,0,0,0,0,0,34,13,0,0,21,0,46,0,0,0,0,0,0,0,0,0,26,0,0,0,0,57,0,0,0,0,0,0
BS79-22,Gravity,38.231,14.23,1449,Mediterranean,3.27,21.21436,3,"Sbaffi et al, 2001",AH,37656,0,0,34,1,0,0,0,0,0,33,21,0,0,29,0,64,0,0,0,0,0,0,0,0,0,41,0,0,0,0,79,0,0,0,0,0,0
BS79-22,Gravity,38.231,14.23,1449,Mediterranean,3.3,21.46971,3,"Sbaffi et al, 2001",AH,37656,1,0,41,0,0,0,0,0,0,53,20,0,0,27,0,60,0,0,0,0,0,0,0,0,0,24,0,0,0,0,93,0,0,0,0,0,0
BS79-22,Gravity,38.231,14.23,1449,Mediterranean,3.33,21.72507,3,"Sbaffi et al, 2001",AH,37656,0,0,45,1,0,0,0,0,0,38,19,0,0,46,0,73,0,0,0,0,0,0,0,0,0,15,0,0,0,0,104,0,0,0,0,0,0
BS79-22,Gravity,38.231,14.23,1449,Mediterranean,3.36,21.98043,3,"Sbaffi et al, 2001",AH,37656,0,0,36,0,0,0,0,0,0,24,14,0,0,18,0,48,0,0,0,0,0,0,0,0,0,13,0,0,0,0,52,0,0,0,0,0,0
BS79-22,Gravity,38.231,14.23,1449,Mediterranean,3.39,22.23579,3,"Sbaffi et al, 2001",AH,37656,0,0,40,0,0,0,0,0,0,40,23,0,0,24,0,60,0,0,0,0,0,0,0,0,0,35,0,0,0,0,73,0,0,0,0,0,0
BS79-22,Gravity,38.231,14.23,1449,Mediterranean,3.42,22.49114,3,"Sbaffi et al, 2001",AH,37656,0,0,38,0,0,0,0,0,0,24,8,0,0,28,0,32,0,0,0,0,0,0,0,0,0,34,0,0,0,0,42,0,0,0,0,0,0
BS79-22,Gravity,38.231,14.23,1449,Mediterranean,3.45,22.7465,3,"Sbaffi et al, 2001",AH,37656,0,0,30,3,0,0,0,0,0,18,7,0,0,22,0,60,0,0,0,0,1,0,0,0,0,32,0,0,0,0,53,0,0,0,0,0,0
BS79-33,Gravity,38.157,14.018,1282,Mediterranean,3.25,19.03566667,2,"Sbaffi et al., 2001",AH,37656,0,0,39,0,0,0,0,1,0,41,14,0,0,48,0,87,7,0,0,0,0,0,0,0,0,42,0,0,0,0,75,0,0,0,0,0,0
BS79-33,Gravity,38.157,14.018,1282,Mediterranean,3.3,19.22877778,2,"Sbaffi et al., 2001",AH,37656,0,0,20,0,0,0,0,0,0,54,17,0,0,53,0,74,7,0,0,0,1,0,0,0,0,42,0,0,0,0,63,0,0,0,0,0,0
BS79-33,Gravity,38.157,14.018,1282,Mediterranean,3.35,19.42188889,2,"Sbaffi et al., 2001",AH,37656,0,0,45,0,0,0,0,0,0,64,22,0,0,41,0,71,9,0,0,0,1,0,0,0,0,33,0,0,0,0,39,0,0,0,0,0,0
BS79-33,Gravity,38.157,14.018,1282,Mediterranean,3.4,19.615,2,"Sbaffi et al., 2001",AH,37656,0,0,29,0,0,0,0,0,0,74,14,0,0,27,0,60,0,0,0,0,0,0,0,0,0,60,0,0,0,0,51,0,0,0,0,0,0
BS79-33,Gravity,38.157,14.018,1282,Mediterranean,3.45,19.99109091,2,"Sbaffi et al., 2001",AH,37656,0,0,34,0,0,0,0,0,0,74,19,0,0,35,0,70,4,0,0,0,0,0,0,0,0,25,0,0,0,0,39,0,0,0,0,0,0
BS79-33,Gravity,38.157,14.018,1282,Mediterranean,3.5,20.36718182,2,"Sbaffi et al., 2001",AH,37656,0,0,56,0,0,0,0,0,0,66,37,0,0,30,0,64,0,0,0,0,1,0,0,0,0,31,0,0,0,0,49,0,0,0,0,0,0
BS79-33,Gravity,38.157,14.018,1282,Mediterranean,3.55,20.74327273,2,"Sbaffi et al., 2001",AH,37656,0,0,37,0,0,0,0,0,0,67,18,0,0,53,0,47,1,0,0,0,0,0,0,0,0,50,0,0,0,0,64,0,0,0,0,0,0
BS79-33,Gravity,38.157,14.018,1282,Mediterranean,3.6,21.11936364,2,"Sbaffi et al., 2001",AH,37656,0,0,62,0,0,0,0,0,0,55,19,0,0,33,0,72,4,0,0,0,0,0,0,0,0,39,0,0,0,0,70,0,0,0,0,0,0
BS79-33,Gravity,38.157,14.018,1282,Mediterranean,3.65,21.49545455,2,"Sbaffi et al., 2001",AH,37656,1,0,46,0,0,0,0,0,0,60,20,0,0,39,0,69,2,0,0,0,0,0,0,0,0,30,0,0,0,0,61,0,0,0,0,0,0
BS79-33,Gravity,38.157,14.018,1282,Mediterranean,3.7,21.87154545,2,"Sbaffi et al., 2001",AH,37656,0,0,48,0,0,0,0,0,0,71,27,0,0,28,0,80,3,0,0,0,2,0,0,0,0,32,0,0,0,0,49,0,0,0,0,0,0
BS79-33,Gravity,38.157,14.018,1282,Mediterranean,3.75,22.24763636,2,"Sbaffi et al., 2001",AH,37656,0,0,31,0,0,0,0,1,0,51,25,0,0,40,0,76,1,0,0,0,1,0,0,0,0,42,0,0,0,0,75,0,0,0,0,0,0
BS79-33,Gravity,38.157,14.018,1282,Mediterranean,3.8,22.62372727,2,"Sbaffi et al., 2001",AH,37656,0,0,42,0,0,0,0,0,0,52,16,0,0,29,0,56,0,0,0,0,0,0,0,0,0,37,0,0,0,0,65,0,0,0,0,0,0
BS79-33,Gravity,38.157,14.018,1282,Mediterranean,3.85,22.99981818,2,"Sbaffi et al., 2001",AH,37656,0,2,21,0,0,0,0,0,0,71,20,0,0,40,0,48,3,0,0,0,1,0,0,0,0,39,0,0,0,0,86,0,0,0,0,0,0
BS79-37,Gravity,38.215,13.269,1458,Mediterranean,2.4,19.07142857,3,unpublished data,AH,37656,0,0,7,2,0,0,0,0,0,143,36,0,0,25,4,165,0,0,0,0,0,0,0,0,0,17,0,0,0,0,72,0,0,0,0,0,0
BS79-37,Gravity,38.215,13.269,1458,Mediterranean,2.44,20.08928571,3,unpublished data,AH,37656,0,0,0,0,0,0,0,0,0,88,43,0,0,26,1,94,0,0,0,0,1,0,0,0,0,24,0,0,0,0,126,0,0,0,0,0,0
BS79-37,Gravity,38.215,13.269,1458,Mediterranean,2.48,21.10714286,3,unpublished data,AH,37656,0,0,0,0,0,0,0,0,0,80,27,0,0,46,5,73,0,0,0,0,1,0,0,0,0,44,0,0,0,0,132,0,0,0,0,0,0
BS79-38,Gravity,38.247,13.346,1489,Mediterranean,3.975,19.2085,3,"Sbaffi et al, 2001",AH,37656,0,0,0,0,0,0,0,0,0,60,28,0,0,30,0,68,0,0,0,0,0,0,0,0,0,43,0,0,0,0,79,0,0,0,0,0,0
BS79-38,Gravity,38.247,13.346,1489,Mediterranean,4.025,19.5975,3,"Sbaffi et al, 2001",AH,37656,0,0,0,1,0,0,0,0,0,47,24,0,0,36,0,95,0,0,0,0,1,0,0,0,0,53,0,0,0,0,71,0,0,0,0,0,0
BS79-38,Gravity,38.247,13.346,1489,Mediterranean,4.05,19.792,3,"Sbaffi et al, 2001",AH,37656,0,0,0,0,0,0,0,0,0,36,23,0,0,66,0,118,0,0,0,0,0,0,0,0,0,65,0,0,0,0,95,0,0,0,0,0,0
BS79-38,Gravity,38.247,13.346,1489,Mediterranean,4.075,19.9865,3,"Sbaffi et al, 2001",AH,37656,0,2,4,0,0,0,0,0,0,42,14,0,0,31,0,86,0,0,0,0,0,0,0,0,0,50,0,0,0,0,75,0,0,0,0,0,0
BS79-38,Gravity,38.247,13.346,1489,Mediterranean,4.125,20.3755,3,"Sbaffi et al, 2001",AH,37656,0,0,7,0,0,0,0,0,0,38,21,0,0,37,0,91,1,0,0,0,0,0,0,0,0,55,0,0,0,0,78,0,0,0,0,0,0
BS79-38,Gravity,38.247,13.346,1489,Mediterranean,4.175,20.7645,3,"Sbaffi et al, 2001",AH,37656,0,0,0,2,0,0,0,0,0,44,15,0,0,38,0,88,0,0,0,0,3,0,0,0,0,40,0,0,0,0,97,0,0,0,0,0,0
BS79-38,Gravity,38.247,13.346,1489,Mediterranean,4.2,20.959,3,"Sbaffi et al, 2001",AH,37656,0,0,2,0,0,0,0,1,0,20,13,0,0,6,0,9,0,0,0,0,4,1,0,0,0,3,0,0,0,0,10,0,0,0,0,0,0
BS79-38,Gravity,38.247,13.346,1489,Mediterranean,4.225,21.06036667,3,"Sbaffi et al, 2001",AH,37656,0,0,5,1,0,0,0,7,0,105,47,0,0,37,0,51,0,0,0,0,9,2,0,0,0,28,0,0,0,0,93,0,0,0,0,0,0
BS79-38,Gravity,38.247,13.346,1489,Mediterranean,4.275,21.2631,3,"Sbaffi et al, 2001",AH,37656,0,0,0,0,0,0,0,3,0,51,26,0,0,41,0,60,0,0,0,0,17,2,0,0,0,37,0,0,0,0,70,0,0,0,0,0,0
BS79-38,Gravity,38.247,13.346,1489,Mediterranean,4.325,21.46583333,3,"Sbaffi et al, 2001",AH,37656,0,0,3,0,0,0,0,0,0,51,28,0,0,60,0,57,0,0,0,0,19,0,0,0,0,44,0,0,0,0,72,0,0,0,0,0,0
BS79-38,Gravity,38.247,13.346,1489,Mediterranean,4.35,21.5672,3,"Sbaffi et al, 2001",AH,37656,0,1,8,0,1,0,0,2,0,9,24,0,0,107,3,55,0,0,0,0,24,0,0,0,0,42,0,0,0,0,81,0,0,0,0,0,0
BS79-38,Gravity,38.247,13.346,1489,Mediterranean,4.375,21.66856667,3,"Sbaffi et al, 2001",AH,37656,0,0,11,0,0,0,0,3,0,41,31,0,0,59,0,52,0,0,0,0,14,0,0,0,0,44,0,0,0,0,71,0,0,0,0,0,0
BS79-38,Gravity,38.247,13.346,1489,Mediterranean,4.4,21.76993333,3,"Sbaffi et al, 2001",AH,37656,0,0,5,0,0,0,0,0,0,38,38,0,0,40,0,81,1,0,0,0,1,0,0,0,0,54,0,0,0,0,41,0,0,0,0,0,0
BS79-38,Gravity,38.247,13.346,1489,Mediterranean,4.425,21.8713,3,"Sbaffi et al, 2001",AH,37656,1,0,2,0,0,0,0,0,0,32,30,0,0,37,0,47,0,0,0,0,2,0,0,0,0,48,0,0,0,0,35,0,0,0,0,0,0
BS79-38,Gravity,38.247,13.346,1489,Mediterranean,4.45,21.97266667,3,"Sbaffi et al, 2001",AH,37656,0,0,1,1,0,0,0,0,0,58,50,0,0,66,0,47,0,0,0,0,0,0,0,0,0,94,0,0,0,0,60,0,0,0,0,0,0
BS79-38,Gravity,38.247,13.346,1489,Mediterranean,4.475,22.07403333,3,"Sbaffi et al, 2001",AH,37656,1,0,4,1,0,0,0,0,0,57,33,0,0,43,0,30,1,0,0,0,2,0,0,0,0,70,0,0,0,0,56,0,0,0,0,0,0
BS79-38,Gravity,38.247,13.346,1489,Mediterranean,4.525,22.27676667,3,"Sbaffi et al, 2001",AH,37656,0,0,4,0,0,0,0,1,0,67,25,0,0,41,0,25,0,0,0,0,1,0,0,0,0,60,0,0,0,0,58,0,0,0,0,0,0
BS79-38,Gravity,38.247,13.346,1489,Mediterranean,4.55,22.37813333,3,"Sbaffi et al, 2001",AH,37656,0,0,3,0,0,0,0,0,0,60,32,0,0,131,0,26,0,0,0,0,0,0,0,0,0,76,0,0,0,0,93,0,0,0,0,0,0
BS79-38,Gravity,38.247,13.346,1489,Mediterranean,4.575,22.4795,3,"Sbaffi et al, 2001",AH,37656,0,0,4,0,0,0,0,0,0,52,24,0,0,43,0,19,0,0,0,0,2,0,0,0,0,49,0,0,0,0,60,0,0,0,0,0,0
BS79-38,Gravity,38.247,13.346,1489,Mediterranean,4.6,22.58086667,3,"Sbaffi et al, 2001",AH,37656,0,0,25,0,0,0,0,0,0,40,21,0,0,108,0,74,2,0,0,0,4,0,0,0,0,85,0,0,0,0,80,0,0,0,0,0,0
BS79-38,Gravity,38.247,13.346,1489,Mediterranean,4.625,22.68223333,3,"Sbaffi et al, 2001",AH,37656,0,1,16,2,0,0,0,0,0,28,16,0,0,91,1,62,0,0,0,0,4,0,0,0,0,45,0,0,0,0,63,0,0,0,0,0,0
BS79-38,Gravity,38.247,13.346,1489,Mediterranean,4.65,22.7836,3,"Sbaffi et al, 2001",AH,37656,0,0,10,0,0,0,0,0,0,30,15,0,0,125,0,81,2,0,0,0,1,0,0,0,0,63,0,0,0,0,79,0,0,0,0,0,0
BS79-38,Gravity,38.247,13.346,1489,Mediterranean,4.675,22.88496667,3,"Sbaffi et al, 2001",AH,37656,0,0,9,0,0,0,0,0,0,38,16,0,0,92,0,69,0,0,0,0,3,0,0,0,0,45,0,0,0,0,65,0,0,0,0,0,0
BS79-38,Gravity,38.247,13.346,1489,Mediterranean,4.7,22.98633333,3,"Sbaffi et al, 2001",AH,37656,1,0,33,0,0,0,0,0,0,36,18,0,0,64,0,114,0,0,0,0,0,0,0,0,0,47,0,0,0,0,70,0,0,0,0,0,0
RC9-178,Piston,33.733,27.917,2628,Mediterranean,0.5,19.091,3,"Kallel et al., 1997b",AH,37742,0,0,79,0,0,0,0,0,0,29,0,0,0,0,2,69,0,0,0,0,0,0,0,0,0,28,0,0,0,0,20,0,0,0,0,0,0
RC9-178,Piston,33.733,27.917,2628,Mediterranean,0.61,20.817,3,"Kallel et al., 1997b",AH,37742,0,0,90,0,0,0,0,0,0,59,0,0,0,15,3,128,0,0,0,0,0,0,0,0,0,32,0,0,0,0,22,0,0,0,0,0,0
RC9-178,Piston,33.733,27.917,2628,Mediterranean,0.665,22.543,3,"Kallel et al., 1997b",AH,37742,0,1,68,0,0,0,0,0,0,71,0,0,0,15,6,101,0,0,0,0,0,0,0,0,0,25,0,0,0,0,30,0,0,0,0,0,0
MD992344,Piston,41.997,4.836,2326,Mediterranean,2.47,19.666,3,"Kallel et al., 1997b",AH,37746,0,0,0,0,0,0,0,0,0,250,0,0,0,172,0,3,0,0,0,0,0,0,0,0,0,14,0,0,0,0,28,0,0,0,0,0,0
MD992344,Piston,41.997,4.836,2326,Mediterranean,2.53,20.437,3,"Kallel et al., 1997b",AH,37746,1,0,1,0,0,0,0,0,1,113,0,0,0,69,0,8,0,0,0,0,0,0,0,0,0,0,0,0,0,0,2,0,0,0,0,0,0
MD992344,Piston,41.997,4.836,2326,Mediterranean,2.63,21.738,3,"Kallel et al., 1997b",AH,37746,0,0,11,0,0,0,0,0,2,373,0,0,0,130,7,125,0,0,0,0,28,0,0,0,0,12,0,0,0,0,37,0,0,0,0,0,0
MD992344,Piston,41.997,4.836,2326,Mediterranean,2.69,22.509,3,"Kallel et al., 1997b",AH,37746,0,0,0,0,0,0,0,0,0,61,0,0,0,42,0,2,0,0,0,0,0,0,0,0,0,8,0,0,0,0,8,0,0,0,0,0,0
LC21,Piston,35.66,26.58,1522,Mediterranean,275.5,19.153,3,"Hayes et al., 1999",AH,37746,0,0,36,0,0,0,0,1,0,18,0,0,2,5,0,64,0,0,0,0,0,0,0,0,0,10,0,0,0,0,31,0,0,0,0,0,0
LC21,Piston,35.66,26.58,1522,Mediterranean,281.5,19.625,3,"Hayes et al., 1999",AH,37746,0,0,57,0,0,0,0,0,0,25,0,0,2,0,0,66,0,0,0,0,0,0,0,0,0,13,0,0,0,0,10,0,0,0,0,0,0
LC21,Piston,35.66,26.58,1522,Mediterranean,289.5,20.254,3,"Hayes et al., 1999",AH,37746,0,0,55,0,0,0,0,0,0,21,0,0,4,10,3,90,0,0,0,0,0,0,0,0,0,22,0,0,0,0,91,0,0,0,0,0,0
LC21,Piston,35.66,26.58,1522,Mediterranean,296,20.765,3,"Hayes et al., 1999",AH,37746,0,0,15,0,0,0,0,0,0,7,0,0,2,5,0,37,0,0,0,0,0,0,0,0,0,11,0,0,0,0,23,0,0,0,0,0,0
LC21,Piston,35.66,26.58,1522,Mediterranean,303.5,21.355,3,"Hayes et al., 1999",AH,37746,0,0,43,0,1,0,0,0,0,28,0,0,2,7,1,59,0,0,0,0,0,0,0,0,0,5,0,0,0,0,34,0,0,0,0,0,0
LC21,Piston,35.66,26.58,1522,Mediterranean,310.5,21.905,3,"Hayes et al., 1999",AH,37746,0,0,45,0,0,0,0,0,0,23,0,0,4,31,2,64,0,0,0,0,0,0,0,0,0,17,0,0,0,0,44,0,0,0,0,0,0
LC21,Piston,35.66,26.58,1522,Mediterranean,317,22.416,3,"Hayes et al., 1999",AH,37746,0,0,40,0,0,0,0,0,0,13,0,0,2,1,0,81,0,0,0,0,0,0,0,0,0,21,0,0,0,0,18,0,0,0,0,0,0
LC21,Piston,35.66,26.58,1522,Mediterranean,324.5,23.006,3,"Hayes et al., 1999",AH,37746,0,0,22,0,0,0,0,0,0,25,0,0,4,20,0,50,0,0,0,0,0,0,0,0,0,17,0,0,0,0,16,0,0,0,0,0,0
LC07,Piston,38.14,10.07,488,Mediterranean,0.685,19.02702703,3,"Hayes et al., 1999",AH,37757,0,0,8,0,0,0,0,0,0,60,0,0,1,52,1,44,0,0,0,0,2,0,0,0,0,13,0,0,0,0,38,0,0,0,0,0,0
LC07,Piston,38.14,10.07,488,Mediterranean,0.805,21.62162162,3,"Hayes et al., 1999",AH,37757,0,0,8,0,0,0,0,0,0,35,0,0,0,40,0,18,0,0,0,0,10,0,0,0,0,12,0,0,0,0,20,0,0,0,0,0,0
LC07,Piston,38.14,10.07,488,Mediterranean,0.865,22.91891892,3,"Hayes et al., 1999",AH,37757,0,0,7,0,0,0,0,0,0,36,0,0,0,31,0,28,0,0,0,0,5,0,0,0,0,3,0,0,0,0,13,0,0,0,0,0,0
ODP 975,Piston,38.89,4.5,2426,Mediterranean,1.13,19.035,4,unpublished data,AH,37771,0,0,0,0,1,0,0,1,0,221,0,0,0,75,1,134,0,0,0,0,0,0,0,0,0,40,0,0,0,0,117,0,0,0,0,0,0
ODP 975,Piston,38.89,4.5,2426,Mediterranean,1.165,19.652,4,unpublished data,AH,37771,0,0,2,0,0,0,0,0,0,139,0,0,0,80,4,45,0,0,0,0,2,0,0,0,0,41,0,0,0,0,90,0,0,0,0,0,0
ODP 975,Piston,38.89,4.5,2426,Mediterranean,1.225,20.711,4,unpublished data,AH,37771,0,0,5,0,0,0,0,0,0,302,0,0,0,126,2,48,0,0,0,0,4,3,0,0,0,147,0,0,0,0,93,0,0,0,0,0,0
ODP 975,Piston,38.89,4.5,2426,Mediterranean,1.285,21.77,4,unpublished data,AH,37771,1,0,40,0,0,0,0,1,0,160,0,0,0,91,0,34,0,0,0,0,1,0,0,0,0,66,0,0,0,0,55,0,0,0,0,0,0
ODP 975,Piston,38.89,4.5,2426,Mediterranean,1.325,22.476,4,unpublished data,AH,37771,0,0,32,0,0,0,0,0,0,134,0,0,0,144,0,61,0,0,0,0,0,0,0,0,0,109,0,0,0,0,68,0,0,0,0,0,0
LC01,Piston,40.26,6.887,2845,Mediterranean,0.682,19.26625,3,unpublished data,AH,37771,2,0,36,0,0,0,0,1,0,133,0,0,0,137,0,31,0,0,0,0,0,0,0,0,0,91,0,0,0,0,43,0,0,0,0,0,0
LC01,Piston,40.26,6.887,2845,Mediterranean,0.71,19.775,3,unpublished data,AH,37771,0,0,55,0,0,0,0,0,0,153,0,0,0,35,1,31,0,0,0,0,1,0,0,0,0,54,0,0,0,0,30,0,0,0,0,0,0
LC01,Piston,40.26,6.887,2845,Mediterranean,0.757,20.945775,3,unpublished data,AH,37771,0,0,42,0,0,0,0,2,0,94,0,0,1,76,0,32,0,0,0,0,0,0,0,0,0,58,0,0,0,0,40,0,0,0,0,0,0
LC01,Piston,40.26,6.887,2845,Mediterranean,0.787,22.005675,3,unpublished data,AH,37771,0,0,20,0,0,0,0,1,0,169,0,0,0,225,0,48,0,0,0,0,0,0,0,0,0,69,0,0,0,0,57,0,0,0,0,0,0
LC04,Piston,38.65,6.11,2855,Mediterranean,0.832,18.93,3,unpublished data,AH,37771,0,0,20,0,0,0,0,4,0,89,0,0,0,21,2,42,0,0,0,0,0,0,0,0,0,22,0,0,0,0,32,0,0,0,0,0,0
LC04,Piston,38.65,6.11,2855,Mediterranean,0.912,19.63,3,unpublished data,AH,37771,0,0,54,0,0,0,0,2,0,108,0,0,1,53,0,85,0,0,0,0,0,0,0,0,0,69,0,0,0,0,82,0,0,0,0,0,0
LC04,Piston,38.65,6.11,2855,Mediterranean,0.997,20.29,3,unpublished data,AH,37771,0,0,56,0,0,0,0,1,0,83,0,0,4,25,0,73,0,0,0,0,0,0,0,0,0,43,0,0,0,0,52,0,0,0,0,0,0
ODP 969,Piston,33.839,24.884,2200,Mediterranean,0.605,19.294,4,unpublished data,AH,06/18/03,0,1,74,0,0,0,0,1,0,49,0,0,0,16,2,94,0,0,0,0,0,0,0,0,0,56,0,0,0,0,32,0,0,0,0,0,0
ODP 969,Piston,33.839,24.884,2200,Mediterranean,0.625,20.043,4,unpublished data,AH,06/18/03,0,1,74,0,0,0,0,0,0,28,0,0,0,11,1,82,0,0,0,0,0,0,0,0,0,27,0,0,0,0,24,0,0,0,0,0,0
ODP 969,Piston,33.839,24.884,2200,Mediterranean,0.645,20.792,4,unpublished data,AH,06/18/03,0,0,139,0,0,0,0,0,0,49,0,0,1,8,0,129,0,0,0,0,0,0,0,0,0,45,0,0,0,0,54,0,0,0,0,0,0
ODP 969,Piston,33.839,24.884,2200,Mediterranean,0.665,21.541,4,unpublished data,AH,06/18/03,0,0,98,0,0,0,0,0,0,45,0,0,1,12,0,98,0,0,0,0,0,0,0,0,0,39,0,0,0,0,42,0,0,0,0,0,0
ODP 969,Piston,33.839,24.884,2200,Mediterranean,0.685,22.289,4,unpublished data,AH,06/18/03,0,0,119,0,0,0,0,0,0,36,1,0,0,7,0,84,0,0,0,0,0,0,0,0,0,35,0,0,0,0,54,0,0,0,0,0,0
ODP 973,Piston,35.78,18.948,3695,Mediterranean,0.945,20.327,4,unpublished data,AH,06/23/03,0,0,28,1,0,1,0,2,0,44,0,0,0,12,0,33,0,0,0,0,0,0,0,0,0,107,0,0,0,0,62,0,0,0,0,0,0
ODP 973,Piston,35.78,18.948,3695,Mediterranean,0.985,22.341,4,unpublished data,AH,06/23/03,0,0,91,0,0,0,0,3,0,62,0,0,3,6,2,90,0,0,0,0,1,0,0,0,0,60,0,0,0,0,47,0,0,0,0,0,0
KL96,Piston,32.77,19.19,1390,Mediterranean,0.455,,3,unpublished data,AH,37812,0,0,181,0,0,0,0,0,0,15,0,0,3,2,2,41,0,0,0,0,0,0,0,0,0,25,0,0,0,0,1,0,0,0,0,0,0
KL96,Piston,32.77,19.19,1390,Mediterranean,0.505,,3,unpublished data,AH,37812,1,0,145,0,0,0,0,0,0,16,0,0,2,3,2,43,0,0,0,0,0,0,0,0,0,31,0,0,0,0,4,0,0,0,0,0,0