Core,Coring device,Latitude,Longitude,Water depth (m),Ocean,Sample depth - upper (m),Sample depth - lower (m),calendar age estimate (cal ky BP),Chronostratigraphic quality (chronozone level),sedimentation rate (cm/ky),Laboratory,Instrument,Publication,added by (name),date of addition,Orbulina universa,Globigerinoides conglobatus,Globigerinoides ruber,Globoturborotalita tenella,Globigerinoides sacc,Sphaeroidinella dehiscens,Globigerinella siphonifera,Globigerinella calida,Globigerina bulloides,Globigerina falconensis,Beela digitata,Globoturborotalita rubescens,Turborotalita quinqueloba,Neogloboquadrina pachyderma L,Neogloboquadrina pachyderma R,Neogloboquadrina dutertrei,Globoquadrina conglomerata,Globorotaloides hexagonus,Pulleniatina obliquiloculata,Globorotalia inflata,Globorotalia truncatulinoides,Globorotalia crassaformis,Globorotalia hirsuta,Globorotalia scitula,Turborotalita humilis & Berggrenia pumilio,Candeina nitida ,Globigerinita glutinata
KH92-1-3a,Piston,8.02,139.64,2830,West Caroline Basin,0.324,,19.7,,,,,"Kimoto et al., 2003. Marine Micropaleontology","Huang, C.C. & Chen, M.T.",Jun-03,0.7,4.43,32.33,2.42,7.45,0,5.74,1.01,9.47,0.2,0.81,1.51,0.2,0,0,9.47,0,0.7,2.01,0,0.2,0.7,0,0.7,6.55,0.81,12.59
KH92-1-5a,Piston,3.53,141.86,2283,Eauripic-New Guinea Rise,0.222,,20.3,,,,,"Kimoto et al., 2003. Marine Micropaleontology","Huang, C.C. & Chen, M.T.",Jun-03,0,0.5,31,1.5,3.5,0,18.5,0,5.5,1.5,0,0.5,0,0,0,3.5,0,0,4.5,0,0,0,0,0,3.5,0.5,25.5
KH90-3-P2,Piston,-1.17,160.01,2494,Ontong-Java Plateau,0.631,,20.1,,,,,"Kimoto et al., 2003. Marine Micropaleontology","Huang, C.C. & Chen, M.T.",Jun-03,0,0.71,30.07,1.31,5.65,0,6.36,0.4,12.41,0.91,0.2,2.22,0,0,0,9.99,1.11,0.2,6.16,0,0,0,0,0,3.33,0.2,18.77
KH90-3-P2,Piston,-1.17,160.01,2494,Ontong-Java Plateau,0.677,,21.9,,,,,"Kimoto et al., 2003. Marine Micropaleontology","Huang, C.C. & Chen, M.T.",Jun-03,0,0,31.9,0.7,4.91,0,7.32,0.3,13.74,0.2,0,1.71,0,0,0,5.62,0.5,0,5.12,0,0,0.3,0,0,3.41,0,24.27
MD972142,Piston,12.69,119.47,1557,South China Sea,2.775,,19.26,,,,,"Chen, M.T.","Huang, C.C. & Chen, M.T.",Jun-03,0.81,0.54,18.28,4.03,7.53,0,5.91,14.25,9.68,0.54,0,1.34,0,0,0,18.55,0.54,0,6.72,0.54,0,0.27,0,0,1.88,0,8.6
MD972142,Piston,12.69,119.47,1557,South China Sea,2.815,,19.62,,,,,"Chen, M.T.","Huang, C.C. & Chen, M.T.",Jun-03,2.01,0,17.24,2.3,9.2,0,5.17,10.06,9.77,0.57,0,2.01,0,0,0,18.39,0.57,0,6.32,0.29,0,1.72,0,0,2.87,0,11.49
MD972142,Piston,12.69,119.47,1557,South China Sea,2.895,,20.33,,,,,"Chen, M.T.","Huang, C.C. & Chen, M.T.",Jun-03,0.96,0,16.31,1.44,10.07,0,4.8,11.03,7.43,1.44,0.96,2.16,0,0,0,15.11,0.96,0,10.79,0.72,0,0.96,0,0,3.84,0,11.03
MD972142,Piston,12.69,119.47,1557,South China Sea,2.975,,21.05,,,,,"Chen, M.T.","Huang, C.C. & Chen, M.T.",Jun-03,0.85,0.34,18,3.4,9,0,4.24,12.9,4.75,2.72,0.68,2.21,0,0,0,16.13,0.68,0,7.13,0.17,0.51,3.06,0,0,2.72,0,10.53
MD972142,Piston,12.69,119.47,1557,South China Sea,3.055,,21.86,,,,,"Chen, M.T.","Huang, C.C. & Chen, M.T.",Jun-03,0.52,0.26,21.35,3.91,0,0,4.43,16.67,10.94,1.04,2.34,0.26,0,0,0,17.71,0.52,0,5.47,0.52,0,3.91,0,0,2.08,0,8.07
MD972142,Piston,12.69,119.47,1557,South China Sea,3.135,,22.68,,,,,"Chen, M.T.","Huang, C.C. & Chen, M.T.",Jun-03,0.28,0.56,18.72,2.79,10.06,0,3.91,15.36,4.75,1.96,0.28,0.56,0,0,0,19.27,1.4,0,7.54,0.56,1.68,3.91,0,0.28,1.12,0,5.03
MD972148,Piston,19.8,117.54,2830,South China Sea,9.955,,19.08,,,,,"Chen, M.T.","Huang, C.C. & Chen, M.T.",Jun-03,2.42,0,16.53,1.61,6.45,0,0.81,6.85,11.69,0,0,1.21,0,0,0,31.05,1.21,0,0.81,4.03,0,0,0,0,2.02,0,13.31
MD972148,Piston,19.8,117.54,2830,South China Sea,10.035,,19.17,,,,,"Chen, M.T.","Huang, C.C. & Chen, M.T.",Jun-03,2.17,0,18.12,0,6.52,0,1.45,5.43,5.07,0.72,0,0,0,0,0,42.39,0.36,0,1.81,1.81,0,0,0,0,0.36,0,13.77
MD972148,Piston,19.8,117.54,2830,South China Sea,10.115,,19.26,,,,,"Chen, M.T.","Huang, C.C. & Chen, M.T.",Jun-03,0.9,0,16.67,0,4.05,0,1.8,5.41,4.95,0,0.45,1.8,0,0,0,47.3,0.45,0,1.35,0.9,0,0,0,0,3.15,0,10.81
MD972148,Piston,19.8,117.54,2830,South China Sea,10.195,,19.35,,,,,"Chen, M.T.","Huang, C.C. & Chen, M.T.",Jun-03,2.34,0,12.15,0,6.07,0,0.47,2.34,5.14,0.47,0,0.93,0,0,0,50.47,0.47,0,0.93,3.74,0,0,0,0,2.34,0,12.15
MD972148,Piston,19.8,117.54,2830,South China Sea,10.275,,19.44,,,,,"Chen, M.T.","Huang, C.C. & Chen, M.T.",Jun-03,2.79,0,8.76,1.2,8.76,0,1.59,7.57,5.18,0.4,0,2.39,0,0,0,45.82,0,0,1.99,6.77,0,1.59,0,0,1.59,0,3.59
MD972148,Piston,19.8,117.54,2830,South China Sea,10.435,,19.62,,,,,"Chen, M.T.","Huang, C.C. & Chen, M.T.",Jun-03,1.23,0.41,13.11,0,6.15,0,0.82,2.46,3.28,0.82,0,0.41,0,0,0,22.13,0,0,1.64,25.82,0,1.23,0,0,2.87,0,17.62
MD972148,Piston,19.8,117.54,2830,South China Sea,10.515,,19.71,,,,,"Chen, M.T.","Huang, C.C. & Chen, M.T.",Jun-03,1.19,0,15.02,1.58,7.51,0,0.79,3.95,7.11,0.4,0,3.16,0,0,0,28.85,0,0,2.77,11.07,0,0.79,0,0,4.35,0,11.46
MD972148,Piston,19.8,117.54,2830,South China Sea,10.595,,19.8,,,,,"Chen, M.T.","Huang, C.C. & Chen, M.T.",Jun-03,2.12,0,15.68,0.85,4.24,0,0.85,8.47,3.81,0.85,0,2.12,0,0,0,36.44,1.27,0,4.24,7.63,0,0.42,0,0,2.54,0,8.47
MD972148,Piston,19.8,117.54,2830,South China Sea,10.675,,19.89,,,,,"Chen, M.T.","Huang, C.C. & Chen, M.T.",Jun-03,0.92,0,8.76,1.84,5.53,0,0.46,5.07,5.99,0.92,0,0.92,0,0,0,45.16,0.46,0,1.84,5.99,0,1.38,0,0,2.76,0,11.98
MD972148,Piston,19.8,117.54,2830,South China Sea,10.755,,19.98,,,,,"Chen, M.T.","Huang, C.C. & Chen, M.T.",Jun-03,0.51,0,12.82,2.56,4.62,0,0,4.1,4.62,2.05,0,2.05,0,0,0,46.15,2.05,0,0.51,0.51,0,1.03,0,0,2.56,0,13.85
MD972148,Piston,19.8,117.54,2830,South China Sea,10.835,,20.07,,,,,"Chen, M.T.","Huang, C.C. & Chen, M.T.",Jun-03,0.44,0.44,12.56,1.32,5.95,0,0.66,2.42,5.73,0.22,0,1.1,1.1,0,0,48.02,0,0,2.64,0.88,0,0.66,0,0,3.3,0,12.56
MD972148,Piston,19.8,117.54,2830,South China Sea,10.915,,20.16,,,,,"Chen, M.T.","Huang, C.C. & Chen, M.T.",Jun-03,1.86,0,12.07,0.62,8.05,0,1.24,3.1,4.02,0,0.31,0.62,0.31,0,0,50.15,0.62,0,1.24,1.24,1.24,1.55,0,0,2.48,0,9.29
MD972148,Piston,19.8,117.54,2830,South China Sea,11.075,,20.34,,,,,"Chen, M.T.","Huang, C.C. & Chen, M.T.",Jun-03,1.01,0,14.86,0.34,4.05,0,2.03,6.76,8.11,0.68,0.34,1.01,0,0,0,45.27,0.68,0,2.7,2.36,0.34,1.01,0,0,0.68,0,7.77
MD972148,Piston,19.8,117.54,2830,South China Sea,11.155,,20.43,,,,,"Chen, M.T.","Huang, C.C. & Chen, M.T.",Jun-03,1.03,0,16.78,1.37,3.08,0,1.37,7.53,9.93,0.68,0.34,1.03,0,0,0,38.36,1.37,0,2.05,4.45,0.34,0.68,0,0,1.03,0,8.56
MD972148,Piston,19.8,117.54,2830,South China Sea,11.235,,20.52,,,,,"Chen, M.T.","Huang, C.C. & Chen, M.T.",Jun-03,1.45,0,12.73,1.82,4.36,0,1.82,8,8.36,0,0,1.09,0,0,0,41.82,2.55,0,1.82,5.09,0.36,1.45,0,0,0.36,0,6.91
MD972148,Piston,19.8,117.54,2830,South China Sea,11.315,,20.6,,,,,"Chen, M.T.","Huang, C.C. & Chen, M.T.",Jun-03,2.73,0,14.84,1.17,6.64,0.39,1.17,6.25,9.38,0.39,0,0.39,0,0,0,37.5,0.78,0,2.34,8.59,0,0,0,0,1.17,0,6.25
MD972148,Piston,19.8,117.54,2830,South China Sea,11.395,,20.69,,,,,"Chen, M.T.","Huang, C.C. & Chen, M.T.",Jun-03,1.82,0,12,0.36,4.73,0,1.09,10.55,7.64,0.36,0,0.73,0,0,0,42.55,0.73,0,1.09,5.09,0,1.45,0,0,1.45,0,8.36
MD972148,Piston,19.8,117.54,2830,South China Sea,11.475,,20.78,,,,,"Chen, M.T.","Huang, C.C. & Chen, M.T.",Jun-03,0.88,0.44,11.06,0.88,8.41,0,0.88,11.5,8.41,1.33,0,1.33,0,0,0,44.25,1.33,0,1.77,0.88,0.88,1.33,0,0,0.88,0,3.54
MD972148,Piston,19.8,117.54,2830,South China Sea,11.555,,20.87,,,,,"Chen, M.T.","Huang, C.C. & Chen, M.T.",Jun-03,1.87,0,11.61,1.12,4.49,0,1.5,5.62,9.36,0.37,0,0,0,0,0,48.31,1.5,0,1.12,0.75,0,1.87,0,0,1.5,0,8.99
MD972148,Piston,19.8,117.54,2830,South China Sea,11.635,,20.96,,,,,"Chen, M.T.","Huang, C.C. & Chen, M.T.",Jun-03,0.49,0.25,11.79,0.49,3.93,0,0.98,7.86,12.53,0.25,0,0.98,0,0,0,45.7,1.23,0,1.97,0.74,0,0.74,0,0,1.72,0,8.35
MD972148,Piston,19.8,117.54,2830,South China Sea,11.715,,21.05,,,,,"Chen, M.T.","Huang, C.C. & Chen, M.T.",Jun-03,1.15,0.23,11.01,0.23,4.59,0.23,0.46,5.96,8.94,0.46,0,0.69,0,0,0,48.85,2.75,0,2.98,0.92,0.92,0.92,0,0,1.61,0,7.11
MD972148,Piston,19.8,117.54,2830,South China Sea,11.795,,21.14,,,,,"Chen, M.T.","Huang, C.C. & Chen, M.T.",Jun-03,0.31,0,10.43,2.15,3.99,0,0.31,3.37,6.75,0.92,0.31,0.61,0,0,0,49.39,2.76,0,2.15,0.61,0.61,2.76,0,0,1.53,0,11.04
MD972148,Piston,19.8,117.54,2830,South China Sea,11.875,,21.23,,,,,"Chen, M.T.","Huang, C.C. & Chen, M.T.",Jun-03,1.34,0.33,12.04,1,5.02,0.33,1,3.34,9.7,0.67,0,0.67,0,0,0,48.83,1.34,0,1.67,0.33,0,1.34,0,0.33,1,0,9.7
MD972148,Piston,19.8,117.54,2830,South China Sea,11.955,,21.32,,,,,"Chen, M.T.","Huang, C.C. & Chen, M.T.",Jun-03,0.93,0,12.73,0.93,5.32,0,1.62,5.56,9.95,0.93,0,1.85,0,0,0,45.14,1.39,0,1.39,0,0,0.93,0,0,3.47,0,7.87
MD972148,Piston,19.8,117.54,2830,South China Sea,12.035,,21.41,,,,,"Chen, M.T.","Huang, C.C. & Chen, M.T.",Jun-03,1.67,0,8.1,0,6.43,0,1.43,3.81,10.24,0,0.24,0.71,0,0,0,51.9,1.19,0,2.38,0.24,0,1.19,0,0.24,4.52,0,5.71
MD972148,Piston,19.8,117.54,2830,South China Sea,12.115,,21.5,,,,,"Chen, M.T.","Huang, C.C. & Chen, M.T.",Jun-03,2.24,0.25,14.46,0.75,5.74,0.25,1,2.99,7.23,1,0,0.25,0,0,0,50.62,1.25,0,2.24,0.5,0.5,0.75,0,0,2.24,0,5.74
MD972148,Piston,19.8,117.54,2830,South China Sea,12.195,,21.59,,,,,"Chen, M.T.","Huang, C.C. & Chen, M.T.",Jun-03,1.05,0,7.72,0.35,4.56,0,0,4.56,5.61,0,0,0.35,0,0,0,57.54,0,0,3.86,3.16,0,0,0,0.35,0.7,0,10.18
MD972148,Piston,19.8,117.54,2830,South China Sea,12.275,,21.68,,,,,"Chen, M.T.","Huang, C.C. & Chen, M.T.",Jun-03,3.37,0.75,10.86,0.75,4.49,0,1.12,3.75,7.12,0.75,0,0,0,0,0,43.45,1.12,0,3.75,10.11,0,0,0,0,0,0,8.61
MD972148,Piston,19.8,117.54,2830,South China Sea,12.355,,21.77,,,,,"Chen, M.T.","Huang, C.C. & Chen, M.T.",Jun-03,3.04,0,8.5,0.81,8.1,0,2.23,4.86,11.34,0.61,0,0.81,0,0,0,40.28,0.61,0,3.24,8.91,0,0,0,0,0.2,0,6.48
MD972148,Piston,19.8,117.54,2830,South China Sea,12.435,,21.86,,,,,"Chen, M.T.","Huang, C.C. & Chen, M.T.",Jun-03,1.55,0.22,8.19,1.55,5.97,0,1.33,8.63,8.19,1.55,0,0.66,0,0,0,40.71,0.44,0,2.43,8.19,0.22,0,0,0,0.22,0,9.96
MD972148,Piston,19.8,117.54,2830,South China Sea,12.515,,21.95,,,,,"Chen, M.T.","Huang, C.C. & Chen, M.T.",Jun-03,0.61,0,9.43,1.23,5.53,0,2.46,7.17,8.61,0.2,0.2,0.61,0,0,0,46.52,0.41,0,2.25,4.71,0.4,0,0,0,0.2,0,9.43
MD972148,Piston,19.8,117.54,2830,South China Sea,12.595,,22.09,,,,,"Chen, M.T.","Huang, C.C. & Chen, M.T.",Jun-03,1.23,0,11.73,1.44,2.26,0,1.23,7.41,4.53,0.21,0.21,0.62,0,0,0,46.5,0.21,0,1.44,8.44,0,0,0.21,0,0.21,0,12.14
MD972148,Piston,19.8,117.54,2830,South China Sea,12.675,,22.27,,,,,"Chen, M.T.","Huang, C.C. & Chen, M.T.",Jun-03,3.72,0,14.63,1.06,5.85,0,1.6,3.19,7.98,0,0.27,0.8,0,0,0,38.03,1.06,0.27,2.39,9.57,0,0,0,0.27,4.52,0,4.79
MD972148,Piston,19.8,117.54,2830,South China Sea,12.755,,22.46,,,,,"Chen, M.T.","Huang, C.C. & Chen, M.T.",Jun-03,2.68,0.77,7.28,0.77,3.07,0,1.53,5.75,6.9,0.38,0,0,0,0,0,50.96,0.77,0,1.92,6.9,0,0,0,0,3.07,0,7.28
MD972148,Piston,19.8,117.54,2830,South China Sea,12.835,,22.65,,,,,"Chen, M.T.","Huang, C.C. & Chen, M.T.",Jun-03,1.74,0.22,11.28,1.08,3.9,0.43,1.52,7.81,7.16,0.43,0.22,0.65,0,0,0,36.66,0.22,0,2.39,11.5,0,0.22,0,0,3.69,0,8.89
MD972148,Piston,19.8,117.54,2830,South China Sea,12.915,,22.84,,,,,"Chen, M.T.","Huang, C.C. & Chen, M.T.",Jun-03,1.55,0.52,11.86,2.06,5.15,0,1.03,5.15,6.19,0,0,0.52,0,0,0,48.97,0.52,0,2.58,1.55,0,0,0,0,1.55,0,10.82
MD972151,Piston,8.73,109.87,1589,South China Sea,5.475,,19.14,,,,,"Huang, C.C. & Chen, M.T.","Huang, C.C. & Chen, M.T.",Jun-03,1.27,0.95,17.72,0,12.03,0,1.58,4.43,3.8,0.95,0.63,3.48,0,0,0,22.78,1.58,0,16.46,0.32,0,4.11,0,0.32,0.95,0,6.65
MD972151,Piston,8.73,109.87,1589,South China Sea,5.555,,19.3,,,,,"Huang, C.C. & Chen, M.T.","Huang, C.C. & Chen, M.T.",Jun-03,3.35,0,14.83,0.48,15.31,0,1.44,2.87,3.83,0.48,0,0.48,0,0.48,0,15.79,1.91,0,20.57,2.87,0.48,3.35,0,0.48,3.35,0,7.66
MD972151,Piston,8.73,109.87,1589,South China Sea,5.635,,19.46,,,,,"Huang, C.C. & Chen, M.T.","Huang, C.C. & Chen, M.T.",Jun-03,0.59,0,25.22,0,4.45,0,1.48,5.64,6.53,0.3,0.59,2.67,0,0,0,18.4,0.89,0,21.96,0.59,0,1.19,0,0.3,1.78,0,7.42
MD972151,Piston,8.73,109.87,1589,South China Sea,5.715,,19.62,,,,,"Huang, C.C. & Chen, M.T.","Huang, C.C. & Chen, M.T.",Jun-03,1.49,0.5,22.77,0.5,10.89,0,2.97,5.45,5.94,0,0,1.49,0,0,0,14.36,1.49,0,11.88,0.5,0,4.46,0,0,2.48,0,12.87
MD972151,Piston,8.73,109.87,1589,South China Sea,5.795,,19.79,,,,,"Huang, C.C. & Chen, M.T.","Huang, C.C. & Chen, M.T.",Jun-03,0.4,0,17.93,0,15.94,0,1.2,7.57,3.98,1.2,0,2.79,0,0,0,18.73,1.59,0,17.93,1.59,0,3.59,0,0.4,1.2,0,3.98
MD972151,Piston,8.73,109.87,1589,South China Sea,5.875,,19.95,,,,,"Huang, C.C. & Chen, M.T.","Huang, C.C. & Chen, M.T.",Jun-03,0,0,24.84,0,10.83,0,2.23,6.37,3.5,0.64,0,2.23,0,0,0,19.75,1.27,0,16.88,0.64,0,2.87,0,0.64,1.91,0,5.41
MD972151,Piston,8.73,109.87,1589,South China Sea,5.955,,20.11,,,,,"Huang, C.C. & Chen, M.T.","Huang, C.C. & Chen, M.T.",Jun-03,1.89,0,22.73,0,12.12,0,1.52,4.92,3.79,0,0,2.65,0,0,0,19.7,3.79,0,15.53,2.27,0.76,2.27,0,0,0.38,0,5.68
MD972151,Piston,8.73,109.87,1589,South China Sea,6.035,,20.27,,,,,"Huang, C.C. & Chen, M.T.","Huang, C.C. & Chen, M.T.",Jun-03,1.13,0.75,26.42,0.38,12.83,0,1.89,6.04,7.92,0.75,0,3.02,0,0,0,14.72,1.51,0,10.94,0.38,0,0.75,0,1.13,2.64,0,6.79
MD972151,Piston,8.73,109.87,1589,South China Sea,6.115,,20.43,,,,,"Huang, C.C. & Chen, M.T.","Huang, C.C. & Chen, M.T.",Jun-03,1.29,0.51,19.79,0,11.05,0,0.77,9.77,5.4,0.26,0.51,3.34,0,0,0,19.54,1.03,0,16.71,0.26,0,3.08,0,0.26,1.03,0,5.4
MD972151,Piston,8.73,109.87,1589,South China Sea,6.195,,20.6,,,,,"Huang, C.C. & Chen, M.T.","Huang, C.C. & Chen, M.T.",Jun-03,1.73,0.86,23.05,0,11.53,0,1.44,5.76,4.03,0.29,0,2.88,0,0,0,21.61,0.58,0,16.71,0.29,0,2.02,0,0,1.44,0,5.76
MD972151,Piston,8.73,109.87,1589,South China Sea,6.275,,20.76,,,,,"Huang, C.C. & Chen, M.T.","Huang, C.C. & Chen, M.T.",Jun-03,0.83,0,21.55,0,12.15,0,2.76,7.46,5.25,0,0.28,0.55,0,0,0,22.93,1.38,0,15.75,0,0.28,3.31,0,0.28,0.83,0,4.42
MD972151,Piston,8.73,109.87,1589,South China Sea,6.355,,20.92,,,,,"Huang, C.C. & Chen, M.T.","Huang, C.C. & Chen, M.T.",Jun-03,2.11,0.42,26.16,0.42,12.66,0,3.8,5.06,2.95,0,0,1.69,0,0,0,21.1,2.11,0,15.19,0,0,0.42,0,0.42,2.53,0,2.95
MD972151,Piston,8.73,109.87,1589,South China Sea,6.435,,21.08,,,,,"Huang, C.C. & Chen, M.T.","Huang, C.C. & Chen, M.T.",Jun-03,1.59,0,22.32,0,18.68,0,1.37,6.15,3.42,0,0,1.37,0,0,0,19.13,1.14,0,17.08,0.23,0.23,1.14,0,0.23,0.91,0,5.01
MD972151,Piston,8.73,109.87,1589,South China Sea,6.515,,22.57,,,,,"Huang, C.C. & Chen, M.T.","Huang, C.C. & Chen, M.T.",Jun-03,1.02,0,24.87,1.02,5.58,0,3.05,7.61,5.08,0.51,0,1.02,0,0,0,14.21,1.02,0,29.44,2.54,0,0,0,0.51,0,0,2.54
MD012394,Piston,13.78,110.25,2097,SCS,5.09,5.1,19.07,,,,,"Yu, P.S. & Chen, M.T.","Huang, C.C. & Chen, M.T.",Jul-03,0.75,0,19.17,3.01,4.14,0,1.88,4.51,3.38,0.75,0.75,1.13,0,0,0,39.1,0.38,0,2.63,3.38,0,0,0,4.51,2.63,0,7.89
MD012394,Piston,13.78,110.25,2097,SCS,5.14,5.15,19.33,,,,,"Yu, P.S. & Chen, M.T.","Huang, C.C. & Chen, M.T.",Jul-03,0.83,0,19.06,1.1,6.63,0,2.21,4.42,6.08,0.55,1.1,1.38,0,0,0,32.04,0,0,4.97,1.66,0,0,0,4.14,6.63,0,7.18
MD012394,Piston,13.78,110.25,2097,SCS,5.19,5.2,19.59,,,,,"Yu, P.S. & Chen, M.T.","Huang, C.C. & Chen, M.T.",Jul-03,0,0,21.23,2.23,5.87,0.28,2.23,4.47,3.63,0.84,0.28,2.23,0,0,0,32.68,0.28,0,4.75,3.07,0,0,0,3.35,6.98,0,5.59
MD012394,Piston,13.78,110.25,2097,SCS,5.24,5.25,19.85,,,,,"Yu, P.S. & Chen, M.T.","Huang, C.C. & Chen, M.T.",Jul-03,1.08,0,20.78,2.6,3.46,0,2.38,6.49,3.9,0.43,0.43,1.3,0,0,0,36.36,0,0,4.76,3.03,0,0,0,3.03,3.46,0,6.49
MD012394,Piston,13.78,110.25,2097,SCS,5.29,5.3,20.11,,,,,"Yu, P.S. & Chen, M.T.","Huang, C.C. & Chen, M.T.",Jul-03,1.65,1.23,21.81,4.12,2.47,0,0.41,2.88,3.29,0,0,1.23,0,0,0,35.8,0,0,3.7,4.12,0,0,0,2.88,4.53,0,9.88
MD012394,Piston,13.78,110.25,2097,SCS,5.34,5.35,20.37,,,,,"Yu, P.S. & Chen, M.T.","Huang, C.C. & Chen, M.T.",Jul-03,0.94,1.56,18.44,4.69,3.75,0,1.56,6.87,4.38,0.31,0.31,0.63,0,0,0,33.75,0,0,4.69,2.19,0,0,0,3.75,6.25,0,5.94
MD012394,Piston,13.78,110.25,2097,SCS,5.39,5.4,20.63,,,,,"Yu, P.S. & Chen, M.T.","Huang, C.C. & Chen, M.T.",Jul-03,1.23,1.64,21.31,2.05,3.69,0,2.46,4.51,4.92,0.41,0.41,0.82,0,0,0,33.2,0,0,4.51,2.05,0,0.41,0,4.1,6.15,0,6.15
MD012394,Piston,13.78,110.25,2097,SCS,5.44,5.45,20.89,,,,,"Yu, P.S. & Chen, M.T.","Huang, C.C. & Chen, M.T.",Jul-03,1.32,0.66,23.1,2.31,5.28,0,2.64,5.28,5.28,1.32,0.66,0.33,0,0.33,0,30.03,0.66,0,4.95,1.65,0,0,0,3.3,3.96,0,6.93
MD012394,Piston,13.78,110.25,2097,SCS,5.49,5.5,21.15,,,,,"Yu, P.S. & Chen, M.T.","Huang, C.C. & Chen, M.T.",Jul-03,1.67,0.33,23.67,1.67,7,0,1.67,2.67,3,0.67,0,0.67,0,0,0,29.67,0.67,0,4.33,1.67,0.67,0,0,3.67,7.33,0.33,8.67
MD012394,Piston,13.78,110.25,2097,SCS,5.54,5.55,21.41,,,,,"Yu, P.S. & Chen, M.T.","Huang, C.C. & Chen, M.T.",Jul-03,2.31,0.29,23.99,1.16,3.47,0,1.16,3.47,7.8,1.73,0.87,1.16,0,0,0,28.32,1.16,0,2.89,0.58,0,0.58,0,4.34,5.49,0,9.25
MD012394,Piston,13.78,110.25,2097,SCS,5.59,5.6,21.67,,,,,"Yu, P.S. & Chen, M.T.","Huang, C.C. & Chen, M.T.",Jul-03,3.19,0,20.77,1.6,6.39,0,0.64,3.51,6.39,0.96,0.96,0.64,0,0.32,0,29.71,0,0,3.19,3.19,0,0,0,1.92,8.95,0,7.67
MD012394,Piston,13.78,110.25,2097,SCS,5.64,5.65,21.93,,,,,"Yu, P.S. & Chen, M.T.","Huang, C.C. & Chen, M.T.",Jul-03,0.94,0,26.29,1.41,3.76,0,1.41,2.82,4.23,0.47,0.94,1.41,0,0,0,27.7,0,0,6.1,1.88,0,0,0,4.23,7.51,0,8.92
MD012394,Piston,13.78,110.25,2097,SCS,5.69,5.7,22.19,,,,,"Yu, P.S. & Chen, M.T.","Huang, C.C. & Chen, M.T.",Jul-03,2.16,0,28.06,2.88,5.76,0,1.44,3.6,6.12,0.36,0,2.52,0,0,0,28.06,0,0,2.16,0.36,0,0,0,3.96,5.4,0,7.19
MD012394,Piston,13.78,110.25,2097,SCS,5.74,5.75,22.45,,,,,"Yu, P.S. & Chen, M.T.","Huang, C.C. & Chen, M.T.",Jul-03,2.82,0.31,22.88,1.57,5.96,0,2.51,7.52,4.39,1.25,0.31,3.45,0,0,0,21.94,0,0,5.64,2.82,0,0.31,0,1.88,6.27,0,8.15
MD012394,Piston,13.78,110.25,2097,SCS,5.79,5.8,22.71,,,,,"Yu, P.S. & Chen, M.T.","Huang, C.C. & Chen, M.T.",Jul-03,1.43,0,16.05,1.15,7.45,0,1.43,5.73,4.87,0.86,0.57,2.87,0,0,0,25.79,0,0,5.16,1.72,0.57,3.72,0,1.72,7.45,0,11.46
MD012394,Piston,13.78,110.25,2097,SCS,5.84,5.85,22.97,,,,,"Yu, P.S. & Chen, M.T.","Huang, C.C. & Chen, M.T.",Jul-03,2.2,0.55,23.69,0.83,6.61,0,1.38,4.68,5.79,1.1,0.55,1.1,0,0,0,24.52,0,0,3.31,4.13,0,1.93,0,1.93,7.71,0,7.99
31-KL,,18.75,115.87,3360,SCS,1.61,1.62,19,,,,,"Chen et al., 1998. Paleoceanography","Huang, C.C. & Chen, M.T.",Jul-03,0.61,0,18.9,0.3,6.1,0,0.91,2.74,4.27,0.91,0,0.91,0,0,5.79,42.99,0.91,0,1.52,2.13,0,1.83,0,0,1.22,0,7.93
31-KL,,18.75,115.87,3360,SCS,1.65,1.66,19.25,,,,,"Chen et al., 1998. Paleoceanography","Huang, C.C. & Chen, M.T.",Jul-03,1,1,15.92,1,6.97,0,0.5,1,6.47,0,0,0,0,0,4.48,38.31,1,0,3.48,8.46,0,1.99,0,0.5,1.99,0,5.97
31-KL,,18.75,115.87,3360,SCS,1.69,1.7,19.5,,,,,"Chen et al., 1998. Paleoceanography","Huang, C.C. & Chen, M.T.",Jul-03,2.04,0.51,10.2,1.02,5.1,0,0,1.02,5.61,0,0,0.51,0,0,5.1,53.57,0,1.02,3.57,4.59,0,2.04,0,0,0.51,0,3.57
31-KL,,18.75,115.87,3360,SCS,1.73,1.74,19.75,,,,,"Chen et al., 1998. Paleoceanography","Huang, C.C. & Chen, M.T.",Jul-03,1.58,0,11.99,0,5.36,0,1.26,5.05,5.05,2.21,0,1.26,0,0,4.42,44.16,0,0.32,4.73,1.58,0,0.63,0,0,2.84,0,7.57
31-KL,,18.75,115.87,3360,SCS,1.77,1.78,20,,,,,"Chen et al., 1998. Paleoceanography","Huang, C.C. & Chen, M.T.",Jul-03,2.06,0.34,9.62,0.34,2.06,0.34,0.69,2.06,7.22,0.34,0.34,0,0,0,3.44,53.95,1.72,0,2.41,6.19,0,1.03,0,0.34,0.69,0,4.81
31-KL,,18.75,115.87,3360,SCS,1.81,1.82,20.25,,,,,"Chen et al., 1998. Paleoceanography","Huang, C.C. & Chen, M.T.",Jul-03,0.49,0,10.73,0.98,3.9,0,0.98,0.98,7.8,0,0.49,0,0,0,2.44,52.2,0.49,0,0.49,10.24,0,0.49,0,0,0.49,0,6.83
31-KL,,18.75,115.87,3360,SCS,1.85,1.86,20.5,,,,,"Chen et al., 1998. Paleoceanography","Huang, C.C. & Chen, M.T.",Jul-03,1.48,0,11.33,0.99,5.42,0,0,1.97,5.42,1.48,0,0,0,0,4.93,45.81,0,0,1.97,11.82,0,0,0,0,2.46,0,4.93
31-KL,,18.75,115.87,3360,SCS,1.89,1.9,20.75,,,,,"Chen et al., 1998. Paleoceanography","Huang, C.C. & Chen, M.T.",Jul-03,0.57,0.57,10.92,0.57,2.87,0,1.72,2.87,10.92,1.15,0,0.57,0,0,2.87,39.08,0,0,2.87,11.49,0,0,0,0,2.3,0,8.62
31-KL,,18.75,115.87,3360,SCS,1.97,1.98,21.25,,,,,"Chen et al., 1998. Paleoceanography","Huang, C.C. & Chen, M.T.",Jul-03,1.5,0.75,15.73,0,4.87,0,0.75,1.87,6.74,0.75,0.75,0,0,0,2.25,39.7,0.37,0.37,3.37,13.86,0,0.75,0,0.37,0.75,0,4.49
31-KL,,18.75,115.87,3360,SCS,2.01,2.02,21.5,,,,,"Chen et al., 1998. Paleoceanography","Huang, C.C. & Chen, M.T.",Jul-03,1.29,1.29,10.32,1.29,3.23,0,0.65,1.94,3.23,1.29,0.65,0,0,0,3.87,40,0,0,2.58,16.13,0,1.29,0,1.29,3.87,0,5.81
31-KL,,18.75,115.87,3360,SCS,2.05,2.06,21.75,,,,,"Chen et al., 1998. Paleoceanography","Huang, C.C. & Chen, M.T.",Jul-03,1.47,0.98,17.65,0,3.92,0,1.47,3.92,5.88,0.98,0,0,0,0,1.96,39.71,1.96,0,3.92,10.78,0,0.98,0,0.49,0.49,0,3.43
31-KL,,18.75,115.87,3360,SCS,2.09,2.1,22,,,,,"Chen et al., 1998. Paleoceanography","Huang, C.C. & Chen, M.T.",Jul-03,1.75,0.88,12.28,0.88,6.58,0,1.32,1.75,3.07,0.88,0,0,0,0,4.82,38.16,1.32,0,4.39,13.16,0,1.75,0,0.44,0.44,0,6.14
31-KL,,18.75,115.87,3360,SCS,2.13,2.14,22.25,,,,,"Chen et al., 1998. Paleoceanography","Huang, C.C. & Chen, M.T.",Jul-03,1.04,0.52,7.29,1.04,4.17,0.52,1.04,3.13,5.73,0.52,0,0,0,0,4.69,45.83,0,0,4.17,14.58,0.52,1.56,0,0.52,0,0,3.13
31-KL,,18.75,115.87,3360,SCS,2.17,2.18,22.5,,,,,"Chen et al., 1998. Paleoceanography","Huang, C.C. & Chen, M.T.",Jul-03,0,0.48,5.71,0.48,3.33,0,0.48,3.33,2.86,0.95,0,0,0,0,6.67,45.71,0,0,1.9,14.29,0.48,0.95,0,1.43,1.43,0,9.52
17938-2,,19.78,117.53,2840,SCS,3.65,3.66,19.17,,,,,"Chen et al., 1999. Marine Geology","Huang, C.C. & Chen, M.T.",Jul-03,0.3,0,10.24,1.2,5.12,0.3,0.6,3.31,6.33,0.3,0,2.41,0,0,0,51.81,0,0,2.11,6.63,0.3,0.3,0,0.3,0,0,8.43
17938-2,,19.78,117.53,2840,SCS,3.75,3.76,19.39,,,,,"Chen et al., 1999. Marine Geology","Huang, C.C. & Chen, M.T.",Jul-03,2.14,0.61,12.23,1.53,3.98,0,0.61,3.06,6.73,0.92,0,1.53,0,0,0.61,45.26,0.31,0,2.75,6.12,0,0,0,0.92,1.83,0,8.87
17938-2,,19.78,117.53,2840,SCS,3.85,3.86,19.55,,,,,"Chen et al., 1999. Marine Geology","Huang, C.C. & Chen, M.T.",Jul-03,2.15,0.62,15.08,0.92,4.92,0,1.23,6.15,7.08,0.62,0,1.85,0,0,0,48.31,0,0,1.54,3.69,0,0.31,0,0.92,0.62,0,4
17938-2,,19.78,117.53,2840,SCS,3.95,3.96,19.72,,,,,"Chen et al., 1999. Marine Geology","Huang, C.C. & Chen, M.T.",Jul-03,0.63,0.21,16.03,2.95,6.96,0,1.69,4.01,8.65,0.42,0.42,0.63,0,0,0.42,39.66,0,0,3.59,7.17,0,0.42,0,0.42,0,0,5.7
17938-2,,19.78,117.53,2840,SCS,4.05,4.06,19.88,,,,,"Chen et al., 1999. Marine Geology","Huang, C.C. & Chen, M.T.",Jul-03,1.97,0.25,15.48,2.46,1.47,0,1.23,3.44,4.42,0.74,0,0.25,0,0,0,49.63,0,0,2.21,5.65,0,0.74,0,0.25,1.72,0,8.11
17938-2,,19.78,117.53,2840,SCS,4.15,4.16,20.05,,,,,"Chen et al., 1999. Marine Geology","Huang, C.C. & Chen, M.T.",Jul-03,0.72,0.36,22.3,1.44,1.44,0,1.08,3.96,10.79,0.72,0,0.36,0,0,0.36,42.45,0,0,1.8,3.6,0,0.36,0,0.36,0.72,0,7.19
17938-2,,19.78,117.53,2840,SCS,4.25,4.26,20.21,,,,,"Chen et al., 1999. Marine Geology","Huang, C.C. & Chen, M.T.",Jul-03,1.55,0.22,22.96,2.87,2.87,0,0.66,3.53,9.49,1.1,0,0.44,0,0,0,38.41,0,0.22,3.75,0.22,0,0,0,1.55,1.77,0,8.39
17938-2,,19.78,117.53,2840,SCS,4.35,4.36,20.38,,,,,"Chen et al., 1999. Marine Geology","Huang, C.C. & Chen, M.T.",Jul-03,2.45,0,16.73,0,2.45,0,0.41,4.49,7.35,1.63,0,2.45,0,0,0,43.67,0,0.82,3.67,2.04,0,0,0,2.45,2.04,0,7.35
17938-2,,19.78,117.53,2840,SCS,4.45,4.46,20.55,,,,,"Chen et al., 1999. Marine Geology","Huang, C.C. & Chen, M.T.",Jul-03,1.18,0.24,13.92,0.47,3.77,0,1.42,2.12,4.01,0.24,0,2.59,0,0,0,56.37,0,0,0.71,3.77,0.24,0,0,0.47,1.18,0,7.31
17938-2,,19.78,117.53,2840,SCS,4.55,4.56,20.71,,,,,"Chen et al., 1999. Marine Geology","Huang, C.C. & Chen, M.T.",Jul-03,1.65,0,21.43,1.1,2.75,0,1.1,3.85,7.14,0.55,0,0.55,0,0,0.55,38.46,0,0,1.1,6.59,0,0,0,0,1.65,0,11.54
17938-2,,19.78,117.53,2840,SCS,4.65,4.66,20.88,,,,,"Chen et al., 1999. Marine Geology","Huang, C.C. & Chen, M.T.",Jul-03,3.86,0,17.48,0.77,7.71,0,2.31,3.6,5.4,0.26,0,0.26,0,0,0.26,38.82,0,0.51,0.77,1.29,0,0,0,0.51,2.31,0,13.88
17938-2,,19.78,117.53,2840,SCS,4.75,4.76,21.04,,,,,"Chen et al., 1999. Marine Geology","Huang, C.C. & Chen, M.T.",Jul-03,2.03,0,10.17,0.68,4.75,0,1.02,2.37,4.41,0.34,0,3.73,0,0,0.34,48.81,0,0.34,2.03,3.39,0,0.34,0,0.34,2.37,0,12.54
17938-2,,19.78,117.53,2840,SCS,4.85,4.86,21.21,,,,,"Chen et al., 1999. Marine Geology","Huang, C.C. & Chen, M.T.",Jul-03,0.37,1.49,11.94,1.12,7.09,0,1.49,2.24,5.6,1.49,0.37,1.12,0,0,0,19.4,0.37,0,1.49,20.52,0,5.22,0,0,2.99,0,15.67
17938-2,,19.78,117.53,2840,SCS,4.95,4.96,21.37,,,,,"Chen et al., 1999. Marine Geology","Huang, C.C. & Chen, M.T.",Jul-03,1.34,0.27,10.72,0.27,2.95,0,1.07,4.29,3.75,0.54,0,0.54,0,0,1.07,47.18,0.27,0,2.14,9.38,0,0,0,0.54,0.8,0,12.87
17938-2,,19.78,117.53,2840,SCS,5.05,5.06,21.54,,,,,"Chen et al., 1999. Marine Geology","Huang, C.C. & Chen, M.T.",Jul-03,1.37,0,16.67,0.55,4.92,0,1.37,3.55,6.01,0.27,0,2.46,0,0,1.37,50.55,0.27,0.82,1.37,0.55,0,0.55,0,0,1.64,0,5.74
17938-2,,19.78,117.53,2840,SCS,5.15,5.16,21.71,,,,,"Chen et al., 1999. Marine Geology","Huang, C.C. & Chen, M.T.",Jul-03,1.32,0,14.47,0.66,7.89,0,2.3,2.63,4.28,0.66,0,1.32,0,0,0.99,48.68,0,0,1.64,0.66,0,0.66,0,1.32,0.99,0,9.54
17938-2,,19.78,117.53,2840,SCS,5.25,5.26,21.87,,,,,"Chen et al., 1999. Marine Geology","Huang, C.C. & Chen, M.T.",Jul-03,2.61,0.2,13.65,0.6,6.02,0,3.01,2.21,4.22,0,0,0.8,0,0,0.8,48.39,0.6,0,1.61,5.22,0,2.01,0,0.6,0,0,7.43
17938-2,,19.78,117.53,2840,SCS,5.35,5.36,22.04,,,,,"Chen et al., 1999. Marine Geology","Huang, C.C. & Chen, M.T.",Jul-03,1.88,0.34,10.58,2.22,5.12,0,0.85,3.07,6.48,0.34,0,0.85,0,0,0.34,50.51,0.34,0,2.73,6.48,0.17,0.85,0,1.54,0.34,0,4.95
17938-2,,19.78,117.53,2840,SCS,5.45,5.46,22.2,,,,,"Chen et al., 1999. Marine Geology","Huang, C.C. & Chen, M.T.",Jul-03,0.41,0.82,13.27,1.02,5.71,0,4.08,3.06,13.06,0.61,0,1.63,0,0,1.02,42.86,0,0,0.61,0.61,0,0.2,0,0.2,0.82,0,10
17938-2,,19.78,117.53,2840,SCS,5.55,5.56,22.37,,,,,"Chen et al., 1999. Marine Geology","Huang, C.C. & Chen, M.T.",Jul-03,1.24,0.41,10.37,0.41,4.98,0,1.66,2.49,6.22,0,0,1.66,0,0,2.49,49.79,0,0,7.05,0,0,1.66,0,1.24,0.83,0,7.47
17938-2,,19.78,117.53,2840,SCS,5.6,5.61,22.45,,,,,"Chen et al., 1999. Marine Geology","Huang, C.C. & Chen, M.T.",Jul-03,1.02,0.09,11.58,0.56,6.39,0,1.3,2.87,7.78,0.37,0.09,0.37,0,0,0,54.03,0.09,0.19,2.22,0,0.09,1.76,0,0.46,0.56,0,8.16
17938-2,,19.78,117.53,2840,SCS,5.65,5.66,22.53,,,,,"Chen et al., 1999. Marine Geology","Huang, C.C. & Chen, M.T.",Jul-03,0.57,0,9.07,0.57,4.53,0,1.13,3.12,5.1,0.57,0,1.98,0,0,0.28,60.34,0,0,0.85,0.28,0.28,1.42,0,0.85,1.98,0,7.08
17938-2,,19.78,117.53,2840,SCS,5.75,5.76,22.7,,,,,"Chen et al., 1999. Marine Geology","Huang, C.C. & Chen, M.T.",Jul-03,1.11,0,12.2,0.44,7.32,0,1.11,2.44,5.99,0.22,0.22,0.22,0,0,0,55.21,0.44,0.44,1.55,0,0,0.22,0,0.67,1.55,0,8.65
17938-2,,19.78,117.53,2840,SCS,5.85,5.86,22.87,,,,,"Chen et al., 1999. Marine Geology","Huang, C.C. & Chen, M.T.",Jul-03,0.7,0.42,6.71,0.14,1.82,0,0.56,3.22,4.06,0.14,0,0.42,0,0,0.56,60.7,0.28,0.14,1.54,12.03,0,0.7,0,0.28,0.28,0,5.31
MD012416,Giant piston core,51.27,167.73,2317,"Pacific, NW",184.5,185.5,19,2,15,,,Kiefer et al. 2003 submitted to GEOLOGY,Thorsten Kiefer,25-Aug-03,0,0,0,0,0,0,0,0,15.86,0,0,0,0,82.2,1.94,0,0,0,0,0,0,0,0,0,0,0,0
MD012416,Giant piston core,51.27,167.73,2317,"Pacific, NW",190.5,191.5,19.47,2,15,,,Kiefer et al. 2003 submitted to GEOLOGY,Thorsten Kiefer,25-Aug-03,0,0,0,0,0,0,0,0,14.52,0,0,0,0,83.84,1.64,0,0,0,0,0,0,0,0,0,0,0,0
MD012416,Giant piston core,51.27,167.73,2317,"Pacific, NW",194.5,195.5,19.72,2,15,,,Kiefer et al. 2003 submitted to GEOLOGY,Thorsten Kiefer,25-Aug-03,0,0,0,0,0,0,0,0,15.99,0,0,0,0,82.74,1.02,0,0,0,0,0,0,0,0,0,0,0,0.25
MD012416,Giant piston core,51.27,167.73,2317,"Pacific, NW",196.5,197.5,19.84,2,15,,,Kiefer et al. 2003 submitted to GEOLOGY,Thorsten Kiefer,25-Aug-03,0,0,0,0,0,0,0,0,18.16,0,0,0,0,80.53,0.79,0,0,0,0,0,0,0,0,0,0,0,0.26
MD012416,Giant piston core,51.27,167.73,2317,"Pacific, NW",197.5,198.5,19.9,2,15,,,Kiefer et al. 2003 submitted to GEOLOGY,Thorsten Kiefer,25-Aug-03,0,0,0,0,0,0,0,0,18.25,0,0,0,0,79.86,1.42,0,0,0,0,0,0,0,0,0,0,0,0.47
MD012416,Giant piston core,51.27,167.73,2317,"Pacific, NW",200.5,201.5,20.09,2,15,,,Kiefer et al. 2003 submitted to GEOLOGY,Thorsten Kiefer,25-Aug-03,0,0,0,0,0,0,0,0,16,0,0,0,0,82.15,1.23,0,0,0,0,0,0,0,0,0,0,0,0.62
MD012416,Giant piston core,51.27,167.73,2317,"Pacific, NW",202.5,203.5,20.21,2,15,,,Kiefer et al. 2003 submitted to GEOLOGY,Thorsten Kiefer,25-Aug-03,0,0,0,0,0,0,0,0,15.27,0,0,0,0,83.21,1.27,0,0,0,0,0,0,0,0,0,0,0,0.25
MD012416,Giant piston core,51.27,167.73,2317,"Pacific, NW",205.5,206.5,20.4,2,15,,,Kiefer et al. 2003 submitted to GEOLOGY,Thorsten Kiefer,25-Aug-03,0,0,0,0,0,0,0,0,11.17,0,0,0,0,85.75,2.79,0,0,0,0,0,0,0,0,0.28,0,0,0
MD012416,Giant piston core,51.27,167.73,2317,"Pacific, NW",209.5,210.5,20.64,2,15,,,Kiefer et al. 2003 submitted to GEOLOGY,Thorsten Kiefer,25-Aug-03,0,0,0,0,0,0,0,0,16.31,0,0,0,0,81.27,2.11,0,0,0,0,0,0,0,0,0,0,0,0.3
ODP Site 883D,Hydraulic piston core,51.2,167.77,2385,"Pacific, NW",116,118,19.33,2,9.5,,,Kiefer et al. (2001) Paleoceanography 14(3): 350-359,Thorsten Kiefer,25-Aug-03,0,0,0,0,0,0,0,0,8.97,0,0,0,0,89.46,1.49,0,0,0,0,0,0,0,0,0.08,0,0,0
ODP Site 883D,Hydraulic piston core,51.2,167.77,2385,"Pacific, NW",120,122,20.03,2,9.5,,,Kiefer et al. (2001) Paleoceanography 14(3): 350-359,Thorsten Kiefer,25-Aug-03,0,0,0,0,0,0,0,0,11.17,0,0,0,0,88.01,0.82,0,0,0,0,0,0,0,0,0,0,0,0
ODP Site 883D,Hydraulic piston core,51.2,167.77,2385,"Pacific, NW",123,125,20.4,2,9.5,,,Kiefer et al. (2001) Paleoceanography 14(3): 350-359,Thorsten Kiefer,25-Aug-03,0,0,0,0,0,0,0,0,13.12,0,0,0,0,85.75,1.13,0,0,0,0,0,0,0,0,0,0,0,0
ODP Site 883D,Hydraulic piston core,51.2,167.77,2385,"Pacific, NW",126,128,20.68,2,9.5,,,Kiefer et al. (2001) Paleoceanography 14(3): 350-359,Thorsten Kiefer,25-Aug-03,0,0,0,0,0,0,0,0,12.64,0,0,0,0,86.68,0.68,0,0,0,0,0,0,0,0,0,0,0,0
ODP Site 883D,Hydraulic piston core,51.2,167.77,2385,"Pacific, NW",130,132,21.07,2,9.5,,,Kiefer et al. (2001) Paleoceanography 14(3): 350-359,Thorsten Kiefer,25-Aug-03,0,0,0,0,0,0,0,0,12.84,0,0,0,0.27,85.52,0.82,0,0,0,0,0,0,0,0,0,0,0,0.55
ODP Site 883D,Hydraulic piston core,51.2,167.77,2385,"Pacific, NW",133,135,21.5,2,9.5,,,Kiefer et al. (2001) Paleoceanography 14(3): 350-359,Thorsten Kiefer,25-Aug-03,0,0,0,0,0,0,0,0,12.86,0,0,0,0,85.24,1.9,0,0,0,0,0,0,0,0,0,0,0,0
ODP Site 883D,Hydraulic piston core,51.2,167.77,2385,"Pacific, NW",136,138,21.74,2,9.5,,,Kiefer et al. (2001) Paleoceanography 14(3): 350-359,Thorsten Kiefer,25-Aug-03,0,0,0,0,0,0,0,0,8.79,0.22,0,0,0,90.33,0.66,0,0,0,0,0,0,0,0,0,0,0,0
ODP Site 883D,Hydraulic piston core,51.2,167.77,2385,"Pacific, NW",140,142,22.05,2,9.5,,,Kiefer et al. (2001) Paleoceanography 14(3): 350-359,Thorsten Kiefer,25-Aug-03,0,0,0,0,0,0,0,0,5.62,0,0,0,0,92.58,1.8,0,0,0,0,0,0,0,0,0,0,0,0
ODP Site 883D,Hydraulic piston core,51.2,167.77,2385,"Pacific, NW",143,145,22.24,2,9.5,,,Kiefer et al. (2001) Paleoceanography 14(3): 350-359,Thorsten Kiefer,25-Aug-03,0,0,0,0,0,0,0,0,7.27,0,0,0,0,92.55,0.17,0,0,0,0,0,0,0,0,0,0,0,0
ODP Site 883D,Hydraulic piston core,51.2,167.77,2385,"Pacific, NW",145,147,22.37,2,9.5,,,Kiefer et al. (2001) Paleoceanography 14(3): 350-359,Thorsten Kiefer,25-Aug-03,0,0,0,0,0,0,0,0,8.82,0,0,0,0,89.37,1.58,0,0,0,0,0,0,0,0,0.23,0,0,0
DGKS9603,Piston core,28.15,127.27,1100,"Pacific, East China Sea",169,,18.99105,1,12,,,"Li et al. 2001, Paleo3, 176, 133-146",Thorsten Kiefer,25-Aug-03,1.01,0.68,25.18,0,5.98,0.19,1.54,1.35,2.99,2.03,0,3.09,3.28,0,2.51,23.35,0,0,4.44,2.03,2.8,2.12,0.58,0,1.16,0,2.12
DGKS9603,Piston core,28.15,127.27,1100,"Pacific, East China Sea",171,,19.16491,1,12,,,"Li et al. 2001, Paleo3, 176, 133-146",Thorsten Kiefer,25-Aug-03,1.26,0.78,24.07,0,6.21,0.24,1.65,1.55,3.2,1.84,0,3.01,3.49,0,2.13,22.71,0,0,4.61,2.13,3.01,2.23,0.39,0,1.16,0,2.23
DGKS9603,Piston core,28.15,127.27,1100,"Pacific, East China Sea",173,,19.33876,1,12,,,"Li et al. 2001, Paleo3, 176, 133-146",Thorsten Kiefer,25-Aug-03,1.54,0.67,23.55,0,5.57,0.19,1.83,1.25,3.56,1.54,0,3.46,3.27,0,2.21,23.16,0,0,4.81,2.02,3.17,2.31,0.29,0,1.15,0,2.5
DGKS9603,Piston core,28.15,127.27,1100,"Pacific, East China Sea",175,,19.51261,1,12,,,"Li et al. 2001, Paleo3, 176, 133-146",Thorsten Kiefer,25-Aug-03,1.22,0.53,22.22,0,4.46,0.18,1.31,1.01,9.03,1.72,0,9.27,4.93,0,1.54,20.62,0,0,3.51,1.43,2.14,1.6,0.12,0,0.95,0,2.5
DGKS9603,Piston core,28.15,127.27,1100,"Pacific, East China Sea",177,,19.68578,1,12,,,"Li et al. 2001, Paleo3, 176, 133-146",Thorsten Kiefer,25-Aug-03,1.02,0.48,22.18,0,4.48,0.21,1.37,0.96,8.85,1.67,0,9.68,5.32,0,1.67,21.1,0,0,3.89,1.55,1.97,1.67,0.24,0,0.81,0,2.45
DGKS9603,Piston core,28.15,127.27,1100,"Pacific, East China Sea",180,,19.94243,1,12,,,"Li et al. 2001, Paleo3, 176, 133-146",Thorsten Kiefer,25-Aug-03,0.96,0.66,22.61,0.12,4.21,0.18,1.26,1.02,8.66,1.32,0,8.78,4.99,0,1.74,21.71,0,0,4.51,1.74,2.04,1.56,0.3,0,0.84,0,2.04
DGKS9603,Piston core,28.15,127.27,1100,"Pacific, East China Sea",182,,20.11354,1,12,,,"Li et al. 2001, Paleo3, 176, 133-146",Thorsten Kiefer,25-Aug-03,1.18,0.52,22.83,0,4.19,0.13,1.18,1.31,8.11,1.24,0,8.37,4.32,0,1.7,22.83,0,0,4.71,1.83,2.42,1.5,0.26,0,0.78,0,2.03
DGKS9603,Piston core,28.15,127.27,1100,"Pacific, East China Sea",184,,20.28464,1,12,,,"Li et al. 2001, Paleo3, 176, 133-146",Thorsten Kiefer,25-Aug-03,1.38,0.46,22.7,0,4.53,0.1,1.44,1.05,7.28,1.05,0,8.14,5.05,0,1.57,22.51,0,0,4.72,2.03,2.17,1.57,0.33,0,0.89,0,1.84
DGKS9603,Piston core,28.15,127.27,1100,"Pacific, East China Sea",186,,20.45575,1,12,,,"Li et al. 2001, Paleo3, 176, 133-146",Thorsten Kiefer,25-Aug-03,1.21,0.39,22.39,0,4.83,0.13,1.31,1.24,6.66,1.17,0,8.36,5.42,0,1.83,22.13,0,0,5.55,1.89,2.02,1.44,0.39,0,0.82,0,1.7
DGKS9603,Piston core,28.15,127.27,1100,"Pacific, East China Sea",188,,20.62685,1,12,,,"Li et al. 2001, Paleo3, 176, 133-146",Thorsten Kiefer,25-Aug-03,1.44,0.5,21.33,0,4.67,0,1.94,1.22,6.54,1.58,0,7.61,5.89,0,1.94,21.11,0,0,4.02,1.94,2.37,1.8,0.32,0,1.22,0,2.01
DGKS9603,Piston core,28.15,127.27,1100,"Pacific, East China Sea",191,,20.88351,1,12,,,"Li et al. 2001, Paleo3, 176, 133-146",Thorsten Kiefer,25-Aug-03,1.29,0.44,21.01,0,4.88,0,1.85,1.04,6.21,1.41,0,8.36,6.36,0,1.78,20.86,0,0,4.44,2.14,2.22,1.92,0.52,0,1.07,0,1.7
DGKS9603,Piston core,28.15,127.27,1100,"Pacific, East China Sea",193,,21.05461,1,12,,,"Li et al. 2001, Paleo3, 176, 133-146",Thorsten Kiefer,25-Aug-03,1.07,0.5,20.41,0,4.62,0,1.64,1.21,6.68,1.49,0,8.67,6.4,0,1.56,20.9,0,0,4.48,2.2,1.99,1.56,0.43,0,1.14,0,1.85
DGKS9603,Piston core,28.15,127.27,1100,"Pacific, East China Sea",195,,21.22572,1,12,,,"Li et al. 2001, Paleo3, 176, 133-146",Thorsten Kiefer,25-Aug-03,1.04,0.35,20.47,0,4.53,0,1.46,1.32,6.34,1.32,0,8.77,6.55,0,1.32,19.57,0,0,4.94,2.23,2.3,1.74,0.56,0,1.18,0,2.23
DGKS9603,Piston core,28.15,127.27,1100,"Pacific, East China Sea",197,,21.39682,1,12,,,"Li et al. 2001, Paleo3, 176, 133-146",Thorsten Kiefer,25-Aug-03,0.81,0.54,20.26,0,4.79,0,1.22,1.42,6.62,1.42,0,8.91,6.48,0,1.62,19.78,0,0,5,1.89,2.03,1.82,0.47,0,0.91,0,2.77
DGKS9603,Piston core,28.15,127.27,1100,"Pacific, East China Sea",199,,21.56792,1,12,,,"Li et al. 2001, Paleo3, 176, 133-146",Thorsten Kiefer,25-Aug-03,0.89,0.49,21.76,0,4.69,0,1.13,1.29,5.99,1.46,0,8.41,5.83,0,1.46,20.47,0,0,4.85,2.18,2.1,1.94,0.32,0,1.13,0,2.67
DGKS9603,Piston core,28.15,127.27,1100,"Pacific, East China Sea",201,,21.73903,1,12,,,"Li et al. 2001, Paleo3, 176, 133-146",Thorsten Kiefer,25-Aug-03,1.18,0.86,20.02,0,4.87,0,1.26,1.49,5.97,0.94,0,8.48,6.12,0,1.33,19.32,0,0,5.73,2.28,3.46,1.65,0.39,0.04,1.02,0,2.51
DGKS9603,Piston core,28.15,127.27,1100,"Pacific, East China Sea",204,,21.99569,1,12,,,"Li et al. 2001, Paleo3, 176, 133-146",Thorsten Kiefer,25-Aug-03,1.22,0.75,20.52,0,5.25,0,1.22,1.5,6.75,1.5,0,8.53,5.44,0,1.31,19.4,0,0,4.78,2.44,2.91,1.78,0.28,0,1.17,0,2.62
DGKS9603,Piston core,28.15,127.27,1100,"Pacific, East China Sea",206,,22.16679,1,12,,,"Li et al. 2001, Paleo3, 176, 133-146",Thorsten Kiefer,25-Aug-03,1.27,0.82,20.63,0,5.36,0,1.45,1.36,5.36,1.64,0,5.72,5.54,0,1.64,20.35,0,0,5.22,2.45,3,1.91,0.45,0,1.23,0,2.91
DGKS9603,Piston core,28.15,127.27,1100,"Pacific, East China Sea",208,,22.3379,1,12,,,"Li et al. 2001, Paleo3, 176, 133-146",Thorsten Kiefer,25-Aug-03,1.23,0.73,19.81,0,5.57,0,1.64,1.55,5.66,1.83,0,6.12,6.02,0,1.83,19.35,0,0,5.84,2.37,2.56,2.37,0.32,0,1.32,0,3.01
DGKS9603,Piston core,28.15,127.27,1100,"Pacific, East China Sea",210,,22.509,1,12,,,"Li et al. 2001, Paleo3, 176, 133-146",Thorsten Kiefer,25-Aug-03,1.29,1.13,16.52,0,8.7,0,1.85,0.64,8.86,1.77,0,6.53,5.88,0,2.34,16.44,0,0,5.08,1.05,2.58,0.56,0.64,0,1.85,0,3.38
DGKS9603,Piston core,28.15,127.27,1100,"Pacific, East China Sea",212,,22.66922,1,12,,,"Li et al. 2001, Paleo3, 176, 133-146",Thorsten Kiefer,25-Aug-03,1.26,0.78,19.51,0,7.2,0,1.39,1.04,8.76,1.82,0,4.25,6.85,0,2.34,18.73,0,0,4.77,2.08,2.52,1.21,0.35,0,1.3,0,2.69
DGKS9603,Piston core,28.15,127.27,1100,"Pacific, East China Sea",215,,22.90955,1,12,,,"Li et al. 2001, Paleo3, 176, 133-146",Thorsten Kiefer,25-Aug-03,1.36,0.68,19.98,0,6.21,0,1.19,1.19,7.99,1.53,0,4.34,6.89,0,1.96,19.73,0,0,5.36,1.7,2.64,1.36,0.34,0,1.15,0,2.47
ODP506B,Hydraulic piston core,0.61,-86.092,2711,"Pacific, eastern equ.",97,99,19.79,2,7,,,"Mart地ez et al. 2003, Paleoceanography 18, doi: 10.1029/2002PA000877",Thorsten Kiefer,25-Aug-03,0.71,0.24,4.76,0,0.71,0,1.9,1.43,17.38,0,0.24,0.24,0,0,6.19,49.05,0,0,1.19,5.48,0,0,0,0,6.9,0,3.57
ODP506B,Hydraulic piston core,0.61,-86.092,2711,"Pacific, eastern equ.",100,101,20.09,2,7,,,"Mart地ez et al. 2003, Paleoceanography 18, doi: 10.1029/2002PA000877",Thorsten Kiefer,25-Aug-03,1.06,0,4.44,0.85,0.21,0,1.27,1.27,12.26,0,0,0.42,0,0,6.98,50.32,0,0,1.06,8.46,0,0.63,0,0,7.4,0,3.38
ODP506B,Hydraulic piston core,0.61,-86.092,2711,"Pacific, eastern equ.",102,104,20.55,2,7,,,"Mart地ez et al. 2003, Paleoceanography 18, doi: 10.1029/2002PA000877",Thorsten Kiefer,25-Aug-03,0.28,0,3.37,0.56,0.56,0,0.84,0.56,12.08,0,0,0.56,0,0,7.02,49.16,0,0.28,0.84,9.55,0,0,0,0,9.83,0,4.49
ODP506B,Hydraulic piston core,0.61,-86.092,2711,"Pacific, eastern equ.",110,111,21.61,2,7,,,"Mart地ez et al. 2003, Paleoceanography 18, doi: 10.1029/2002PA000877",Thorsten Kiefer,25-Aug-03,0.31,0,5.02,0.94,0,0,0.31,0,8.15,0.31,0,0,0,0,2.51,59.87,0,0,0.31,6.27,0,0.63,0,0,10.03,0,5.33
ODP506B,Hydraulic piston core,0.61,-86.092,2711,"Pacific, eastern equ.",114,115,22.22,2,7,,,"Mart地ez et al. 2003, Paleoceanography 18, doi: 10.1029/2002PA000877",Thorsten Kiefer,25-Aug-03,1.68,0,5.03,0.28,1.4,0,1.68,0,10.06,0,0,0.28,0,0,3.07,59.22,0,0,1.4,4.19,0,0,0,0,10.34,0,1.4
ODP506B,Hydraulic piston core,0.61,-86.092,2711,"Pacific, eastern equ.",118,119,22.83,2,7,,,"Mart地ez et al. 2003, Paleoceanography 18, doi: 10.1029/2002PA000877",Thorsten Kiefer,25-Aug-03,2.91,0,3.49,0.29,1.16,0,1.16,0,13.08,0,0,0.29,0,0,2.62,54.07,0,0,0.58,3.49,0,0.29,0,0,11.05,0,5.52
ODP677B,Hydraulic piston core,1.202,-83.737,3461,"Pacific, eastern equ.",104,105,19.2,2,4,,,"Mart地ez et al. 2003, Paleoceanography 18, doi: 10.1029/2002PA000877",Thorsten Kiefer,25-Aug-03,0.87,0,7.51,0.29,0.58,0,0,0,6.36,0,1.16,0.29,0,0,7.8,58.09,0,0,0.29,1.73,0,0.29,0,0,9.25,0,5.49
ODP677B,Hydraulic piston core,1.202,-83.737,3461,"Pacific, eastern equ.",107,108,19.5,2,4,,,"Mart地ez et al. 2003, Paleoceanography 18, doi: 10.1029/2002PA000877",Thorsten Kiefer,25-Aug-03,1.66,0,3.65,0,0.66,0,0.33,0.66,5.65,0,0,0,0,0,9.3,61.46,0,0,0.33,2.66,0,0,0,0,10.63,0,2.99
ODP677B,Hydraulic piston core,1.202,-83.737,3461,"Pacific, eastern equ.",110,111,19.79,2,4,,,"Mart地ez et al. 2003, Paleoceanography 18, doi: 10.1029/2002PA000877",Thorsten Kiefer,25-Aug-03,2.08,0,5.64,0,0.59,0,0.59,0,6.53,0,0,0,0,0,5.64,63.8,0,0,0.59,3.86,0,0,0,0,7.12,0,3.56
ODP677B,Hydraulic piston core,1.202,-83.737,3461,"Pacific, eastern equ.",113,114,20.89,2,4,,,"Mart地ez et al. 2003, Paleoceanography 18, doi: 10.1029/2002PA000877",Thorsten Kiefer,25-Aug-03,1.35,0,6.74,0,1.35,0,0,0.27,6.74,0,0,0.54,0,0,6.74,52.83,0,0,0.54,4.85,0,0.27,0,0.27,13.75,0,3.77
ODP677B,Hydraulic piston core,1.202,-83.737,3461,"Pacific, eastern equ.",116,117,21.99,2,4,,,"Mart地ez et al. 2003, Paleoceanography 18, doi: 10.1029/2002PA000877",Thorsten Kiefer,25-Aug-03,1.95,0,3.58,0.33,1.3,0,0.98,0,4.89,0,0,0,0,0,5.21,63.19,0,0,1.3,2.61,0,0.33,0,0,11.07,0,3.26
ODP677B,Hydraulic piston core,1.202,-83.737,3461,"Pacific, eastern equ.",119,120,23.08,2,4,,,"Mart地ez et al. 2003, Paleoceanography 18, doi: 10.1029/2002PA000877",Thorsten Kiefer,25-Aug-03,0.63,0,4.76,0,0,0,0.32,2.22,6.03,0,0,0,0,0,8.57,51.75,0,0,1.9,3.81,0,0.32,0,0,14.92,0,4.76
ODP846B,Hydraulic piston core,-3.05,-90.49,3307,"Pacific, eastern equ.",78,79,19.79,2,9,,,"Mart地ez et al. 2003, Paleoceanography 18, doi: 10.1029/2002PA000877",Thorsten Kiefer,25-Aug-03,1.67,0,1.33,0,1,0,1.33,0.67,12.33,0.33,0,0,0,0,2.67,46.67,0,0.33,0,26.33,0,0,0,0,3.67,0,1.67
ODP846B,Hydraulic piston core,-3.05,-90.49,3307,"Pacific, eastern equ.",81,82,20.1,2,9,,,"Mart地ez et al. 2003, Paleoceanography 18, doi: 10.1029/2002PA000877",Thorsten Kiefer,25-Aug-03,0.58,0,0.58,0,0.58,0,0.29,0,26.53,0,0,0,0,0,4.08,48.69,0,0,0,11.95,0,0,0,0,5.25,0,1.46
ODP846B,Hydraulic piston core,-3.05,-90.49,3307,"Pacific, eastern equ.",85,86,20.42,2,9,,,"Mart地ez et al. 2003, Paleoceanography 18, doi: 10.1029/2002PA000877",Thorsten Kiefer,25-Aug-03,0.67,0.33,1.33,0.33,0,0,0.67,0,19.33,0,0,0.33,0,0,6.67,40,0,0,0.33,22.67,0,0.67,0,0,4,0,2.67
ODP846B,Hydraulic piston core,-3.05,-90.49,3307,"Pacific, eastern equ.",88,89,20.58,2,9,,,"Mart地ez et al. 2003, Paleoceanography 18, doi: 10.1029/2002PA000877",Thorsten Kiefer,25-Aug-03,0.24,0,0.94,0,0.47,0,0.47,0.47,21.41,0,0,0,0,0,12.24,40.24,0,0,0.24,16.24,0,0,0,0,2.59,0,3.53
ODP846B,Hydraulic piston core,-3.05,-90.49,3307,"Pacific, eastern equ.",89,90,20.73,2,9,,,"Mart地ez et al. 2003, Paleoceanography 18, doi: 10.1029/2002PA000877",Thorsten Kiefer,25-Aug-03,2.25,0,2.25,0,0.96,0,0,0.32,13.83,0.32,0,0,0,0,3.86,36.33,0,0.64,0.64,32.8,0,0.96,0,0,4.82,0,0
ODP846B,Hydraulic piston core,-3.05,-90.49,3307,"Pacific, eastern equ.",93,94,21.05,2,9,,,"Mart地ez et al. 2003, Paleoceanography 18, doi: 10.1029/2002PA000877",Thorsten Kiefer,25-Aug-03,1.65,0,1.32,0,0.33,0,0,0.33,18.48,0,0.33,0,0.33,0,2.31,52.48,0,0.33,0.33,15.18,0,0,0,0,4.62,0,1.98
ODP846B,Hydraulic piston core,-3.05,-90.49,3307,"Pacific, eastern equ.",97,98,21.36,2,9,,,"Mart地ez et al. 2003, Paleoceanography 18, doi: 10.1029/2002PA000877",Thorsten Kiefer,25-Aug-03,1.66,0,1.66,0,0.33,0,0.66,0,10.3,0,0.33,0,0,0,4.98,59.47,0,0.66,0,13.29,0,0,0,0,3.99,0,2.33
ODP846B,Hydraulic piston core,-3.05,-90.49,3307,"Pacific, eastern equ.",100,101,21.87,2,9,,,"Mart地ez et al. 2003, Paleoceanography 18, doi: 10.1029/2002PA000877",Thorsten Kiefer,25-Aug-03,1.23,0,1.84,0,0.61,0,0.31,0.92,15.03,0,0,0,0,0,13.8,51.23,0,0,0.31,9.51,0,0,0,0,3.07,0,1.53
ODP846B,Hydraulic piston core,-3.05,-90.49,3307,"Pacific, eastern equ.",104,104,22.38,2,9,,,"Mart地ez et al. 2003, Paleoceanography 18, doi: 10.1029/2002PA000877",Thorsten Kiefer,25-Aug-03,3.99,0,2.33,0,1.99,0,0,0,12.62,0,0,0,0.66,0,2.33,60.8,0,0.66,0.33,10.96,0,0,0,0,1,0,1.99
ODP846B,Hydraulic piston core,-3.05,-90.49,3307,"Pacific, eastern equ.",108,109,22.97,2,9,,,"Mart地ez et al. 2003, Paleoceanography 18, doi: 10.1029/2002PA000877",Thorsten Kiefer,25-Aug-03,5,0,1.92,0,0,0,0,0,6.15,0,0,0,0,0,4.23,60.77,0,0,0,15,0,0,0,0,4.23,0,2.69
TR163-11,,6.45,-85.822,1950,"Pacific, eastern equ.",36,37,19.79,3,1,,,"Mart地ez et al. 2003, Paleoceanography 18, doi: 10.1029/2002PA000877",Thorsten Kiefer,25-Aug-03,0.33,0,3.3,0,0.66,0,1.65,0,11.22,0,0,0,0,0,7.26,42.24,0,0.99,0.33,0,0,0,0,0,30.03,0,1.65
TR163-33,,-1.913,-82.568,2230,"Pacific, eastern equ.",76,,19.79,2,10,,,"Mart地ez et al. 2003, Paleoceanography 18, doi: 10.1029/2002PA000877",Thorsten Kiefer,25-Aug-03,1.13,0,1.69,0.28,0.28,0,0.85,0,18.08,0,0,0,0,0,9.04,53.95,0,0,0,9.32,0,0.56,0,0.28,1.69,0,2.82
TR163-33,,-1.913,-82.568,2230,"Pacific, eastern equ.",78,,19.99,2,10,,,"Mart地ez et al. 2003, Paleoceanography 18, doi: 10.1029/2002PA000877",Thorsten Kiefer,25-Aug-03,0.67,0,2,0,0.33,0,0.33,0,21,0,0,0,0,0,8.67,42,0,0,0,17.67,0,0,0,0,4,0.33,3
TR163-33,,-1.913,-82.568,2230,"Pacific, eastern equ.",82,,20.38,2,10,,,"Mart地ez et al. 2003, Paleoceanography 18, doi: 10.1029/2002PA000877",Thorsten Kiefer,25-Aug-03,1,0,1.33,0,0.33,0,1,0.33,20.67,0,0,0.33,0,0,7.67,48.33,0,0,0.67,11.33,0,1,0,0.33,2,0,3.67
TR163-33,,-1.913,-82.568,2230,"Pacific, eastern equ.",84,,20.58,2,10,,,"Mart地ez et al. 2003, Paleoceanography 18, doi: 10.1029/2002PA000877",Thorsten Kiefer,25-Aug-03,0.96,0,2.57,0,0.64,0,0.64,0,13.18,0,0,0,0,0,6.75,51.13,0,0,0,19.29,0,0,0,0.64,2.57,0,1.61
TR163-33,,-1.913,-82.568,2230,"Pacific, eastern equ.",86,,20.77,2,10,,,"Mart地ez et al. 2003, Paleoceanography 18, doi: 10.1029/2002PA000877",Thorsten Kiefer,25-Aug-03,3.09,0.31,3.4,0,0.62,0,0,0,19.14,0,0,0,0.31,0,6.17,45.06,0,0.31,0.31,16.36,0,0,0,0,2.47,0,2.47
TR163-33,,-1.913,-82.568,2230,"Pacific, eastern equ.",88,,20.97,2,10,,,"Mart地ez et al. 2003, Paleoceanography 18, doi: 10.1029/2002PA000877",Thorsten Kiefer,25-Aug-03,0.56,0,0.28,0,1.13,0,0.28,0,23.94,0,0,0,0,0,7.61,45.92,0,0,0,11.83,0,0.28,0,0.28,2.82,0,5.07
TR163-33,,-1.913,-82.568,2230,"Pacific, eastern equ.",90,,21.16,2,10,,,"Mart地ez et al. 2003, Paleoceanography 18, doi: 10.1029/2002PA000877",Thorsten Kiefer,25-Aug-03,3,0,1,0.33,0,0,0.67,0,16.67,0,0,0,0,0,9.33,44.67,0,0,0.33,20,0,0.33,0,0,1.67,0,2
TR163-33,,-1.913,-82.568,2230,"Pacific, eastern equ.",92,,21.36,2,10,,,"Mart地ez et al. 2003, Paleoceanography 18, doi: 10.1029/2002PA000877",Thorsten Kiefer,25-Aug-03,2.2,0,2.83,0,0.63,0,0,0,20.13,0,0,0,0.31,0,3.14,36.16,0,0,0.63,28.3,0,0,0,0,3.77,0,1.89
PC17,,21.36,-158.19,503,"Pacific, off Hawaii",370,,19.91,2,2.6,,,"Lee & Slowey 1999, Nature 397, 512-514",Thorsten Kiefer,26-Aug-03,0,1.28,33.46,10.6,12.07,0,2.19,2.74,2.56,7.68,0,7.68,0,0,0,0.18,0.18,0.18,0,0.18,2.93,0,0,1.46,4.02,0,8.96
PC17,,21.36,-158.19,503,"Pacific, off Hawaii",374,,21.44,2,2.6,,,"Lee & Slowey 1999, Nature 397, 512-514",Thorsten Kiefer,26-Aug-03,0,1.72,33.66,5.16,14,0,0.74,2.21,2.46,6.88,0,9.34,0,0,0,0,0.98,0.98,0,0.25,4.67,0,0,1.72,3.2,0.25,8.6
PC17,,21.36,-158.19,503,"Pacific, off Hawaii",378,,22.96,2,2.6,,,"Lee & Slowey 1999, Nature 397, 512-514",Thorsten Kiefer,26-Aug-03,0,2.4,29.33,6.97,17.55,0,1.2,3.37,1.68,7.21,0.24,6.73,0,0,0,0.24,0.24,0.24,0,0,3.6,0,0,1.2,1.44,0.24,12.74
GIK17940-2,,20.12,117.38,1727,"Pacific, South China Sea",875,,19.1,1,15,,,"Wang et al. 1999, Marine Geology 156, 245-284",Thorsten Kiefer,26-Aug-03,0.3,0.1,12.1,3.1,2.9,0,0.5,4.1,15.1,0.8,0.6,0,0.8,0.2,9.6,25,0,0,1.3,0.5,0.3,0.3,0,1.9,0.9,0,14.4
GIK17940-2,,20.12,117.38,1727,"Pacific, South China Sea",885,,19.77,1,15,,,"Wang et al. 1999, Marine Geology 156, 245-284",Thorsten Kiefer,26-Aug-03,0.7,0.2,11.7,3.5,2.4,0,0.5,3.3,14.9,0.8,0.2,0,0.5,0.1,10.4,23.6,0,0,1.4,3.7,0.1,1,0,1.1,1.6,0,14.6
GIK17940-2,,20.12,117.38,1727,"Pacific, South China Sea",895,,20.44,1,15,,,"Wang et al. 1999, Marine Geology 156, 245-284",Thorsten Kiefer,26-Aug-03,0.1,0.1,14.6,2,3.1,0,0.4,4.6,13,0.6,0.5,0,0.8,0,8.6,25.4,0,0,1.9,3,0.3,0.7,0,1.3,1.1,0,12.4
GIK17940-2,,20.12,117.38,1727,"Pacific, South China Sea",905,,21.1,1,15,,,"Wang et al. 1999, Marine Geology 156, 245-284",Thorsten Kiefer,26-Aug-03,0.8,0,15.5,1.9,3.4,0,0.9,3.2,13.9,0.9,0.1,0,0.9,0.2,9.1,23.5,0,0,2.8,2.9,0,0.6,0,1.2,0.7,0,13.1
GIK17940-2,,20.12,117.38,1727,"Pacific, South China Sea",915,,21.77,1,15,,,"Wang et al. 1999, Marine Geology 156, 245-284",Thorsten Kiefer,26-Aug-03,1.4,0,21.8,2.3,3.7,0,0.9,2.7,14.5,1.3,0.2,0,0.3,0.4,10.4,19.9,0,0,1.8,0.5,0,0.6,0,1.1,0.8,0,11.6
GIK17940-2,,20.12,117.38,1727,"Pacific, South China Sea",925,,22.44,1,15,,,"Wang et al. 1999, Marine Geology 156, 245-284",Thorsten Kiefer,26-Aug-03,2.3,0,14.7,1.1,3.5,0,1.2,0.9,11.4,1.7,0,0,1,0.1,9.8,24.4,0,0,0.7,1.6,0,0.8,0,1.5,1.8,0,13.4
GIK17940-2,,20.12,117.38,1727,"Pacific, South China Sea",935,,23.06,1,15,,,"Wang et al. 1999, Marine Geology 156, 245-284",Thorsten Kiefer,26-Aug-03,0.6,0.3,14.6,1.7,3.9,0,1.1,3.3,15,1.1,0.5,0,0.9,0.2,9.1,27.2,0,0,0.9,0.1,0.3,1.5,0,0.8,1.3,0,12.6
GIK17954,,14.8,111.53,1520,"Pacific, South China Sea",102.5,,19.881,2,7,,,"Wang et al. 1999, Marine Geology 156, 245-284",Thorsten Kiefer,26-Aug-03,0.6,0,30.3,0.5,7.9,0.3,1.9,3.4,7.7,0,2.7,0.2,0,0,11.6,11.8,0,0,3.2,2.1,0,0.3,0,3.5,2.9,0.2,8.6
GIK17954,,14.8,111.53,1520,"Pacific, South China Sea",112.5,,21.306,2,7,,,"Wang et al. 1999, Marine Geology 156, 245-284",Thorsten Kiefer,26-Aug-03,2.1,0.3,29.1,0.8,8.4,1,1.8,2.3,6.5,0,1.7,0.7,0,0,14,13.9,0,0,3.4,0.8,0,0.7,0,1.9,4.3,0,6.7
GIK17954,,14.8,111.53,1520,"Pacific, South China Sea",122.5,,22.731,2,7,,,"Wang et al. 1999, Marine Geology 156, 245-284",Thorsten Kiefer,26-Aug-03,0.8,0.6,28.5,0,10.9,2.5,4.3,4.9,6.6,0.6,1.3,0.2,0,0.2,12.4,8.9,0,0,3.8,0.9,0.8,1.9,0.2,1.1,2.3,0,7.4
6706-2,,42.16,-124.94,1120,"Pacific, NE",259,260,16-22,3,,,,"Ortiz, J.D., A.C. Mix, S. Hostetler, and M. Kashgarian, 1997, The California Current of the Last Glacial Maximum at 42oN: Reconstruction Based on Multiple Proxies, Paleoceanography, 12, 191-206, 1997",Thorsten Kiefer,26-Aug-03,0,0,0,0,0,0,0,0,38.8,0,0,0,3.3,54,0.9,0.9,0,0,0,0,0,0,0,0,0,0,2.1
W8709A-13PC,,42.12,-125.75,2717,"Pacific, NE",275,276,16-22,2,22,,,"Ortiz, J.D., A.C. Mix, S. Hostetler, and M. Kashgarian, 1997, The California Current of the Last Glacial Maximum at 42oN: Reconstruction Based on Multiple Proxies, Paleoceanography, 12, 191-206, 1997",Thorsten Kiefer,26-Aug-03,0,0,0,0,0,0,0,0,35.4,0,0,0,4.2,51.5,3.3,0,0,0,0,0,0,0,0,0.4,0,0,5.3
W8809A-53GC,,42.75,-126.26,2408,"Pacific, NE",168,169,16-22,2,8,,,"Ortiz, J.D., A.C. Mix, S. Hostetler, and M. Kashgarian, 1997, The California Current of the Last Glacial Maximum at 42oN: Reconstruction Based on Multiple Proxies, Paleoceanography, 12, 191-206, 1997",Thorsten Kiefer,26-Aug-03,0,0,0,0,0,0,0,0,42.6,0,0,0,5.3,41.5,2.1,2.4,0,0,0,0,0,0,0,0,0,0,5.9
W8809A-21GC,,42.14,-126.91,2799,"Pacific, NE",140,141,16-22,2,,,,"Ortiz, J.D., A.C. Mix, S. Hostetler, and M. Kashgarian, 1997, The California Current of the Last Glacial Maximum at 42oN: Reconstruction Based on Multiple Proxies, Paleoceanography, 12, 191-206, 1997",Thorsten Kiefer,26-Aug-03,0,0,0,0,0,0,0,0,23.7,0,0,0,7.4,54.4,3.5,1.1,0,0,0,0,0,0,0,1.1,0,0,8.5
W8709A-08PC,,42.26,-127.68,3111,"Pacific, NE",22,23,16-22,2,14,,,"Ortiz, J.D., A.C. Mix, S. Hostetler, and M. Kashgarian, 1997, The California Current of the Last Glacial Maximum at 42oN: Reconstruction Based on Multiple Proxies, Paleoceanography, 12, 191-206, 1997",Thorsten Kiefer,26-Aug-03,0,0,1.1,0,0,0,0,0,26.6,0,0,0,4.2,54.2,4.5,3.1,0,0,0,0.3,0,0,0,0.3,0,0,5.9
W8809A-29GC,,41.8,-129,3136,"Pacific, NE",156,157,16-22,2,3,,,"Ortiz, J.D., A.C. Mix, S. Hostetler, and M. Kashgarian, 1997, The California Current of the Last Glacial Maximum at 42oN: Reconstruction Based on Multiple Proxies, Paleoceanography, 12, 191-206, 1997",Thorsten Kiefer,26-Aug-03,0,0,0,0,0,0,0,0,43.3,0,0,0,9.2,38.3,3.3,0.8,0,0,0,0,0,0,0,0.8,0,0,4.2
W8809A-31GC,,41.68,-130.01,3136,"Pacific, NE",15,16,16-22,2,2,,,"Ortiz, J.D., A.C. Mix, S. Hostetler, and M. Kashgarian, 1997, The California Current of the Last Glacial Maximum at 42oN: Reconstruction Based on Multiple Proxies, Paleoceanography, 12, 191-206, 1997",Thorsten Kiefer,26-Aug-03,0.9,0,0,0,0,0,0,0,36.8,0,0,0,10.7,40.2,3.8,0.5,0,0,0,0,0,0,0,1.1,0,0,5.8
W8909A-57GC,,41.58,-130.62,3330,"Pacific, NE",22,23,16-22,2,1.5,,,"Ortiz, J.D., A.C. Mix, S. Hostetler, and M. Kashgarian, 1997, The California Current of the Last Glacial Maximum at 42oN: Reconstruction Based on Multiple Proxies, Paleoceanography, 12, 191-206, 1997",Thorsten Kiefer,26-Aug-03,0.6,0,0,0,0,0,0,0,45.2,0,0,0,4.7,37,3.6,1.8,0,0,0,0,0,0,0,0,0,0,7.1
W8709A-01BC,,41.54,-131.96,3680,"Pacific, NE",21,22,16-22,3,,,,"Ortiz, J.D., A.C. Mix, S. Hostetler, and M. Kashgarian, 1997, The California Current of the Last Glacial Maximum at 42oN: Reconstruction Based on Multiple Proxies, Paleoceanography, 12, 191-206, 1997",Thorsten Kiefer,26-Aug-03,0.2,0,0,0,0,0,0,0,27.5,0,0,0,0,42.8,25,4.7,0,0,0,0,0,0,0,0,0,0,0
W8909A-48GC,,41.33,-132.67,3670,"Pacific, NE",17,18,16-22,3,,,,"Ortiz, J.D., A.C. Mix, S. Hostetler, and M. Kashgarian, 1997, The California Current of the Last Glacial Maximum at 42oN: Reconstruction Based on Multiple Proxies, Paleoceanography, 12, 191-206, 1997",Thorsten Kiefer,26-Aug-03,0.6,0,0,0,0,0,0,0,32.4,0,0,0,1,35.2,26.3,3.8,0,0,0,0,0,0,0,0,0,0,0
CHAT 1K,,-41.58,-171.5,3556,Pacific SW,40,,19.9,3,3,,,"Weaver et al., 1998, Paleoceanography 13, 70-83",Thorsten Kiefer,27-Aug-03,0.65,0,0.33,0,0,0,0,0.33,14.01,2.61,0,0,3.26,0.33,28.66,2.61,0,0,0,34.2,5.21,3.58,0,0.33,0,0,3.91
CHAT 1K,,-41.58,-171.5,3556,Pacific SW,50,,23.29,3,3,,,"Weaver et al., 1998, Paleoceanography 13, 70-83",Thorsten Kiefer,27-Aug-03,0.26,0,0.26,0,0,0,0,0,18.25,3.86,0,0,3.34,0,32.9,5.14,0,0,0,22.62,5.92,4.63,0,0,0,0,2.83
RC8-94,,-27.283,-102.083,233,Pacific,16,,,,,,,Data contributed by A.C. Mix,Michal Kucera,13/09/2007,1.2,15.61,33.82,6.76,0.99,0,0.94,1.98,3.17,4.68,0.42,0.78,0,0,0,0,0.16,0.62,0,1.04,8.43,3.23,0,0,0.31,0.1,15.76
RC9-124,,-28.75,172.6,234,Pacific,40,,,,,,,Data contributed by A.C. Mix,Michal Kucera,13/09/2007,0.54,3.35,9.95,1,1.36,0,3.26,0.9,11.95,20.81,0.18,0,0.45,0,11.76,1.27,0,0,0.09,16.83,3.17,7.42,1.09,0.09,0,0,4.52
RC9-126,,-33.233,168.733,235,Pacific,30,,,,,,,Data contributed by A.C. Mix,Michal Kucera,13/09/2007,1.41,0,5.46,0.23,0.23,0,1.8,0.23,19.2,10.93,0,0.08,0.55,0.23,21.23,3.75,0,0,0.23,25.06,3.36,2.89,0,0,0,0,3.12
RC10-97,,0.92,-134.32,236,Pacific,44,,,,,,,Data contributed by A.C. Mix,Michal Kucera,13/09/2007,0,0,1.26,0,0.88,0,1.76,0,2.39,0,0.5,0,0,0,12.58,23.65,2.14,0.13,22.39,0.63,0.13,1.38,0,0,27.67,0,2.52
RC10-11,,-11.18,-162.92,237,Pacific,20,,,,,,,Data contributed by A.C. Mix,Michal Kucera,13/09/2007,0.21,6.29,40.21,4.74,5.46,0.1,3.2,1.24,0.82,0,0.21,1.75,0,0,0,0.21,0,0,0.93,0,0,0,0,0,0.62,0,34.02
RC10-16,,33.08,158,238,Pacific,9,,,,,,,Data contributed by A.C. Mix,Michal Kucera,13/09/2007,2.66,0,1.93,0,0,0,0,0.24,11.84,0.48,0,0,0.24,0.24,14.73,19.32,0,0,0,42.75,2.17,2.42,0,0.48,0,0,0.48
RC11-21,,1.82,-140.05,239,Pacific,40,,,,,,,Data contributed by A.C. Mix,Michal Kucera,13/09/2007,0.35,0,2.83,0.35,1.77,0,1.06,0.35,3.18,0.35,0.35,1.06,0,0,5.3,19.79,1.41,0.35,16.61,0.35,0,13.43,0,0,30.74,0,0.35
RC11-21,,-6.13,-140.85,240,Pacific,15,,,,,,,Data contributed by A.C. Mix,Michal Kucera,13/09/2007,0.14,2.58,14.33,5.01,6.59,0,4.01,0.57,8.31,0.29,0.29,1.43,0,0,0.43,6.02,7.31,0.43,9.89,0,0,0.86,0,0,8.6,0,22.92
RC11-22,,-14.82,-139.97,241,Pacific,30,,,,,,,Data contributed by A.C. Mix,Michal Kucera,13/09/2007,0.2,1.43,45.1,7.45,6.02,0.1,1.84,1.63,1.73,0.2,0,2.04,0,0,0,0.1,0.41,0.71,0.2,0,0,0.1,0.1,0,1.33,0.2,29.08
RC11-23,,-8.8,-110.8,242,Pacific,45,,,,,,,Data contributed by A.C. Mix,Michal Kucera,13/09/2007,0.85,2.4,12.98,0.14,5.92,0,1.55,0.42,7.05,0,0.14,0.42,0.14,0,8.18,13.26,3.1,2.96,4.23,0.28,0,0.14,0,0,11.85,0,23.98
RC12-10,,-26,169.2,243,Pacific,40,,,,,,,Data contributed by A.C. Mix,Michal Kucera,13/09/2007,1.69,6.86,20.42,0.81,2.99,0,3.39,1.78,8.23,14.53,0.24,0,0.08,0,3.23,1.86,0,0,0.16,15.9,1.7,6.05,0.16,0.32,0.65,0,8.96
RC12-36,,15.1,124.13,244,Pacific,20,,,,,,,Data contributed by A.C. Mix,Michal Kucera,13/09/2007,0.63,11.88,41.88,2.5,16.72,1.88,3.28,1.88,5.47,0.47,0.47,0.63,0,0,0,2.5,0,0,1.09,0,0.63,0.63,0,0,1.09,0.16,6.25
RC13-17,,19.08,-170.07,245,Pacific,30,,,,,,,Data contributed by A.C. Mix,Michal Kucera,13/09/2007,0.81,13.41,11.79,0,2.85,16.26,0.41,0.41,2.44,0,1.22,0,0,0,0.41,1.22,0.41,0.41,1.22,2.44,4.06,3.25,0,0,36.59,0,0.41
RC13-81,,-19.02,-124.23,246,Pacific,10,,,,,,,Data contributed by A.C. Mix,Michal Kucera,13/09/2007,0.19,10.74,38.63,2.14,4.79,0.14,2.05,0.98,1.86,0,0.23,0.19,0,0,0,0.19,1.77,0.37,0.74,0,0.23,0.74,0,0,5.25,0.05,28.73
RC13-11,,-1.65,-103.63,247,Pacific,50,,,,,,,Data contributed by A.C. Mix,Michal Kucera,13/09/2007,0.51,0,2.05,0,0.68,0,0.68,0,5.29,0.17,0,0.17,0,0,46.42,20.65,0.34,0.34,1.54,8.02,0,1.54,0,0,9.04,0,2.56
V 18-31,,-2.85,-126.2,248,Pacific,25,,,,,,,Data contributed by A.C. Mix,Michal Kucera,13/09/2007,0,0,6.81,0,0.36,0,0.36,0,3.94,0,0,0.72,0,0,16.13,24.73,1.08,0,10.75,0,0,1.08,0,0,27.96,0,6.09
V 18-31,,3.17,-118.47,249,Pacific,15,,,,,,,Data contributed by A.C. Mix,Michal Kucera,13/09/2007,0,0.33,2,0,3,0,1,0,0.67,0,0.33,0,0,0,3.67,51.33,0.67,0,5,0,0,0.33,0,0,30.33,0,1.33
V 19-29,,-3.58,-83.93,250,Pacific,120,,,,,,,Data contributed by A.C. Mix,Michal Kucera,13/09/2007,0.08,0,0.17,0,0.25,0,0.08,0,27.57,0,0.08,0.08,4.34,5.6,22.64,20.13,0,0,0,17.79,0,0.08,0,0,0.25,0,0.84
V 19-53,,-17.02,-113.52,251,Pacific,45,,,,,,,Data contributed by A.C. Mix,Michal Kucera,13/09/2007,0,9.33,0.35,0,1.58,0.88,0.35,0.18,0.53,0,0,0,0,0,0.18,4.05,11.44,0,17.78,0,0.18,1.41,0,0,46.48,0,5.28
V 19-55,,-17,-114.18,252,Pacific,23,,,,,,,Data contributed by A.C. Mix,Michal Kucera,13/09/2007,0.11,3.45,23.62,2.45,5.39,0.11,1.83,0.61,3.78,0,0.11,0.67,0,0,0,1.39,4.72,0.17,5.06,0.28,0,0.17,0,0,11.06,0,35.02
V 19-64,,-16.93,-121.2,253,Pacific,15,,,,,,,Data contributed by A.C. Mix,Michal Kucera,13/09/2007,0.11,6.43,32.82,3.16,5.78,0.22,1.74,0.76,2.62,0.11,0.11,0.44,0,0,0,0.22,2.18,0.44,1.53,0,0,0.22,0,0,3.93,0.11,37.08
V 19-65,,-16.65,-124.38,254,Pacific,15,,,,,,,Data contributed by A.C. Mix,Michal Kucera,13/09/2007,0.13,6.32,34.06,0.72,4.81,0.46,1.91,1.05,1.25,0,0.13,0.26,0,0,0,0.59,3.29,0.72,2.37,0.07,0.07,0.33,0,0,6.46,0.07,34.91
V 19-96,,0.87,172,255,Pacific,15,,,,,,,Data contributed by A.C. Mix,Michal Kucera,13/09/2007,0,2.9,9.35,0.32,9.68,0,3.87,0,10.65,0,0,0,0,0,0.65,13.23,0.65,0,28.06,0,0,1.29,0,0,8.39,0,10.97
V 20-11,,47.95,168.78,256,Pacific,20,,,,,,,Data contributed by A.C. Mix,Michal Kucera,13/09/2007,0,0,0.23,0,0,0,0,0,3.27,0,0,0,6.07,88.79,1.64,0,0,0,0,0,0,0,0,0,0,0,0
V 21-30,,-1.22,-89.68,257,Pacific,250,,,,,,,Data contributed by A.C. Mix,Michal Kucera,13/09/2007,0.45,0.06,2.64,0.13,0.26,0,0.06,0,42.75,0,0,0.32,3.22,0.26,17.41,15.02,0,0,0,14.12,0,0.06,0,0.13,1.16,0,1.93
V 21-33,,-3.8,-92.08,258,Pacific,45,,,,,,,Data contributed by A.C. Mix,Michal Kucera,13/09/2007,0.33,0,0.33,0,0.17,0,0.17,0,12.31,0,0,0,0,0,21.46,35.27,0,0,0.67,19.63,0,0.17,0,0,3.49,0,5.99
V 21-14,,37.68,163.03,259,Pacific,70,,,,,,,Data contributed by A.C. Mix,Michal Kucera,13/09/2007,0.25,0,0.5,0,0,0,0,0,6.7,0,0,0,0.5,3.97,17.37,1.49,0,0,0.25,55.58,2.48,0,0,0,0,0,10.92
V 28-20,,2.77,-173.93,260,Pacific,20,,,,,,,Data contributed by A.C. Mix,Michal Kucera,13/09/2007,0,3.21,22.99,1.98,7.17,0.12,3.46,1.24,15.45,0,0,5.69,0,0,0,0.37,0.99,0,9.02,0,0,0.12,0,0,0.87,0.12,27.19
V 28-20,,0.95,-179.42,261,Pacific,40,,,,,,,Data contributed by A.C. Mix,Michal Kucera,13/09/2007,0.2,1.18,27.82,1.37,7.54,0,4.7,0.49,9.21,0.1,0.1,1.08,0,0,0,4.8,2.25,0,14.1,0,0,1.18,0,0.1,4.51,0,19.29
V 28-23,,-5.5,166.75,262,Pacific,20,,,,,,,Data contributed by A.C. Mix,Michal Kucera,13/09/2007,0,1.66,38.63,1.1,7.73,0,2.21,1.77,7.73,0.11,0.11,1.55,0,0,0,5.96,0.11,0.11,2.87,0,0.22,0.44,0,0.44,1.66,0,25.61
V 28-23,,1.02,160.48,263,Pacific,35,,,,,,,Data contributed by A.C. Mix,Michal Kucera,13/09/2007,0,1.8,23.72,1.2,6.61,0,6.31,2.1,11.71,0.3,0,1.8,0,0,0,6.31,1.2,0,10.81,0,0,0.9,0,0,6.01,0.3,18.92
V 28-23,,3.25,159.18,264,Pacific,30,,,,,,,Data contributed by A.C. Mix,Michal Kucera,13/09/2007,0,2.22,18.73,0.63,4.44,0,7.3,1.59,9.52,0,0,0.63,0,0,0,9.52,1.59,0,16.51,0,0.32,1.59,0,0.32,7.3,0,17.78
V 28-24,,11.07,138.53,265,Pacific,20,,,,,,,Data contributed by A.C. Mix,Michal Kucera,13/09/2007,0.12,3.23,58.56,2.69,10.66,0.12,2.87,0.24,5.99,0.06,0.24,1.02,0,0,0.06,2.51,0,0.54,0.48,0,0.06,0,0,0,1.98,0.18,8.38
V  28294,,28.43,139.97,266,Pacific,4,,,,,,,Data contributed by A.C. Mix,Michal Kucera,13/09/2007,1.27,0.23,18.12,1.27,4.44,0.05,1.95,0.32,12.32,13.81,0.27,0.23,0.09,0.18,12,4.08,0,0,1.18,8.51,7.06,3.4,0,0.86,0.14,0,8.24
V  28304,,28.53,134.13,267,Pacific,45,,,,,,,Data contributed by A.C. Mix,Michal Kucera,13/09/2007,0.42,3.51,15.56,0.33,6.86,0,2.43,1.42,13.97,5.44,0.92,0.08,0.08,0.17,13.56,10.29,0,0.08,1.92,9.46,4.27,1.17,0.08,0.25,0.17,0,7.53
V28-310,,25.42,125.63,268,Pacific,40,,,,,,,Data contributed by A.C. Mix,Michal Kucera,13/09/2007,0.23,1.82,16.99,7.41,1.03,0,0.34,7.18,8.1,0.91,0.68,4.56,0.11,0,0.23,5.02,0,0,5.02,0.11,0.68,0.34,0,0,0.34,0,38.88
V 32126,,35.32,177.9,269,Pacific,25,,,,,,,Data contributed by A.C. Mix,Michal Kucera,13/09/2007,1.37,0,1.67,0,0,0,0.61,0,27.66,0,0.3,0,1.37,1.22,31.16,2.58,0,0,0,27.2,2.13,0,0,0.15,0,0,2.58
V32-128,,36.47,177.17,270,Pacific,32,,,,,,,Data contributed by A.C. Mix,Michal Kucera,13/09/2007,1.21,0,0.51,0,0,0,0,0,17.58,0,0.1,0,1.62,7.47,43.33,0.71,0,0,0,24.24,1.92,0,0,0,0,0,1.31
V  32139,,31.57,151.1,271,Pacific,1,,,,,,,Data contributed by A.C. Mix,Michal Kucera,13/09/2007,1.49,0.75,5.22,0,0.75,0,0.75,0,7.46,1.24,0.25,0,0,0,9.95,3.73,0,0,0.75,58.96,4.97,1.49,0.25,0.75,0.5,0.75,0
RC10-62,,3.33,-101.72,301,Pacific,51,,,,,,,Data contributed by A.C. Mix,Michal Kucera,13/09/2007,0.43,0,6.96,0.43,3.04,0,0.87,0.87,4.35,0.43,0,0.87,0,0,2.61,45.65,0,0,3.48,1.74,0,2.61,0,0,18.7,0,6.96
RC13110,,0.1,-95.65,302,Pacific,54,,,,,,,Data contributed by A.C. Mix,Michal Kucera,13/09/2007,0,0,3.59,0,0.3,0,0.3,0.3,9.28,0.3,0,0,0.6,0,4.79,63.47,0,0,0,5.99,0,4.19,0,1.8,2.99,0,2.1
RC13115,,-1.63,-104.83,303,Pacific,61,,,,,,,Data contributed by A.C. Mix,Michal Kucera,13/09/2007,0.54,0.27,4.04,0,1.08,0,1.08,0.27,7.01,0.27,0,0,0,0,4.31,46.9,0.54,0.27,2.7,5.93,0,1.89,0,0,20.49,0,2.43
V19-29,,-3.58,-83.93,304,Pacific,120,,,,,,,Data contributed by A.C. Mix,Michal Kucera,13/09/2007,0.59,0,0.17,0,0.25,0,0.75,0.75,23.95,0,0.08,0.08,3.18,2.51,13.48,32.75,0,0,0.08,18.17,0,0.42,0,0,0.92,0,1.84
VNTRO1-8,,0.03,-110.48,305,Pacific,41,,,,,,,Data contributed by A.C. Mix,Michal Kucera,13/09/2007,1.03,0,2.87,0.21,1.85,0,0.62,0,5.13,0.41,0,0,0,0,10.88,48.25,0.41,0,1.44,4.31,1.23,8.62,0,0.21,11.09,0,1.44
Y69-106p,,2.98,-86.55,306,Pacific,30,,,,,,,Data contributed by A.C. Mix,Michal Kucera,13/09/2007,1.05,0,6.67,1.05,0.35,0,0.35,0.7,12.28,1.4,0.35,1.05,1.05,0,9.47,35.09,0,0.7,0.35,1.75,0,0,0,1.75,10.88,0,13.68
Y69-71P,,0.1,-86.48,307,Pacific,180,,,,,,,Data contributed by A.C. Mix,Michal Kucera,13/09/2007,0.3,0,4.24,0,0.61,0,0,0.61,20,0,0.3,0.3,0,0,7.58,42.73,0,0,0.61,12.73,0,0,0,0.61,5.76,0,3.64
Y71-3-2,,7.17,-85.15,308,Pacific,20,,,,,,,Data contributed by A.C. Mix,Michal Kucera,13/09/2007,0.65,0,10.32,0,0.65,0,2.26,0,11.29,0,0,0,0,0,0.32,36.77,0,0.65,0.65,0,0,0.32,0,0,23.23,0,12.9
y71-9-101,,-6.38,-106.93,309,Pacific,63,,,,,,,Data contributed by A.C. Mix,Michal Kucera,13/09/2007,0.33,0,7.57,0,4.28,0,0.99,1.64,4.93,0,0.33,0,0,0,0.99,49.67,0,0,1.97,3.29,0,0.99,0,0,12.83,0,10.2
Y71-6-12,,-16.44,-77.56,310,Pacific,49,,,,,,,Data contributed by A.C. Mix,Michal Kucera,13/09/2007,0.6,0,2.1,0,0,0,0.15,0,13.47,0.15,0.15,0,2.25,17.51,9.58,17.81,0,1.5,0.15,30.09,0,0,0,1.05,0.3,0,3.14
RR9702A-63TC,,-18.09,-79.04,311,Pacific,16,,,,,,,Data contributed by A.C. Mix,Michal Kucera,13/09/2007,1.02,0,3.69,0.2,0,0,0.82,0.41,19.47,0,0.61,0,0,4.51,7.58,11.27,0,2.87,1.02,37.3,0.61,0,0,2.05,0.41,0,6.15
Y71-6-12,,-16.44,-77.56,312,Pacific,46,,,,,,,Data contributed by A.C. Mix,Michal Kucera,13/09/2007,0.99,0,3.23,0.25,0.25,0,0.25,0.99,27.3,0.5,0,0.5,0.25,8.68,8.93,11.41,0,1.74,0.25,33.5,0,0,0,0.99,0,0,0
Y71-6-12,,-16.44,-77.56,313,Pacific,50,,,,,,,Data contributed by A.C. Mix,Michal Kucera,13/09/2007,0.64,0,2.25,0,0,0,0.16,0,14.45,0.16,0.16,0,2.41,19.26,9.95,11.72,0,1.61,0.16,32.26,0,0,0,1.12,0.32,0,3.37
Y71-6-12,,-16.44,-77.56,314,Pacific,56,,,,,,,Data contributed by A.C. Mix,Michal Kucera,13/09/2007,3.67,0,1.83,0.31,0,0.31,0.31,0,13.15,0.31,0.31,0.31,0.31,10.4,7.03,17.13,0.31,0.61,0,38.53,0.31,0.61,0,1.22,0,0,3.06
RR9702A-69TC,,-16.01,-76.38,315,Pacific,70,,,,,,,Data contributed by A.C. Mix,Michal Kucera,13/09/2007,0.24,0,3.13,0,0,0,0,1.45,26.99,0.96,0,0,11.57,16.63,2.17,5.78,0,0.72,0,19.28,0,0,0,5.54,0,0,5.54
RR9702A-69TC,,-16.01,-76.38,316,Pacific,80,,,,,,,Data contributed by A.C. Mix,Michal Kucera,13/09/2007,2.25,0,1.97,0,0,0,0,0,9.83,0,0,0,2.25,10.96,28.09,10.39,0,1.97,0,27.53,0,0,0,2.25,0,0,2.53